No.,Time,Source,Destination,Protocol,Length,Info,MitM
1,0,VMware_eb:a7:b9,Broadcast,ARP,60,Who has 192.168.159.2? Tell 192.168.159.150,TRUE
2,0.295439,VMware_1b:ea:01,Broadcast,ARP,60,Who has 192.168.159.2? Tell 192.168.159.152,FALSE
3,1.024066,VMware_eb:a7:b9,Broadcast,ARP,60,Who has 192.168.159.2? Tell 192.168.159.150,TRUE
4,1.617984,192.168.159.151,192.168.159.152,DNS,88,Standard query 0x503f PTR 150.159.168.192.in-addr.arpa,FALSE
5,1.618191,192.168.159.151,192.168.159.152,DNS,88,Standard query 0xcb97 PTR 152.159.168.192.in-addr.arpa,FALSE
6,1.61853,192.168.159.152,192.168.159.151,DNS,158,Standard query response 0xcb97 PTR 152.159.168.192.in-addr.arpa PTR ubuntu.mydns.com NS ubuntu NS kdc01.mydns.com,FALSE
7,1.61855,192.168.159.152,192.168.159.151,DNS,156,Standard query response 0x503f PTR 150.159.168.192.in-addr.arpa PTR kali.mydns.com NS kdc01.mydns.com NS ubuntu,FALSE
8,2.300118,VMware_1b:ea:01,Broadcast,ARP,60,Who has 192.168.159.2? Tell 192.168.159.152,FALSE
9,2.617675,192.168.159.151,192.168.159.152,DNS,88,Standard query 0xc0fa PTR 151.159.168.192.in-addr.arpa,FALSE
10,2.618308,192.168.159.152,192.168.159.151,DNS,161,Standard query response 0xc0fa PTR 151.159.168.192.in-addr.arpa PTR windows10.mydns.com NS ubuntu NS kdc01.mydns.com,FALSE
11,3.299969,VMware_1b:ea:01,Broadcast,ARP,60,Who has 192.168.159.2? Tell 192.168.159.152,FALSE
12,4.000601,VMware_eb:a7:b9,Broadcast,ARP,60,Who has 192.168.159.2? Tell 192.168.159.150,TRUE
13,4.299415,VMware_1b:ea:01,Broadcast,ARP,60,Who has 192.168.159.2? Tell 192.168.159.152,FALSE
14,4.302489,192.168.159.151,192.168.159.152,DNS,74,Standard query 0xf7c5 A ntp.ubuntu.com,FALSE
15,4.30259,192.168.159.151,192.168.159.152,DNS,74,Standard query 0x7b7f AAAA ntp.ubuntu.com,FALSE
16,4.31134,VMware_1b:ea:01,VMware_64:d8:25,ARP,60,Who has 192.168.159.151? Tell 192.168.159.152,FALSE
17,4.31135,VMware_64:d8:25,VMware_1b:ea:01,ARP,42,192.168.159.151 is at 00:0c:29:64:d8:25,FALSE
18,5.024229,VMware_eb:a7:b9,Broadcast,ARP,60,Who has 192.168.159.2? Tell 192.168.159.150,TRUE
19,5.300503,VMware_1b:ea:01,Broadcast,ARP,60,Who has 192.168.159.2? Tell 192.168.159.152,FALSE
20,6.048371,VMware_eb:a7:b9,Broadcast,ARP,60,Who has 192.168.159.2? Tell 192.168.159.150,TRUE
21,6.29969,VMware_1b:ea:01,Broadcast,ARP,60,Who has 192.168.159.2? Tell 192.168.159.152,FALSE
22,7.29954,VMware_1b:ea:01,Broadcast,ARP,60,Who has 192.168.159.2? Tell 192.168.159.152,FALSE
23,8.300671,VMware_1b:ea:01,Broadcast,ARP,60,Who has 192.168.159.2? Tell 192.168.159.152,FALSE
24,9.005121,VMware_eb:a7:b9,Broadcast,ARP,60,Who has 192.168.159.2? Tell 192.168.159.150,TRUE
25,9.299467,VMware_1b:ea:01,Broadcast,ARP,60,Who has 192.168.159.2? Tell 192.168.159.152,FALSE
26,9.299647,192.168.159.152,192.168.159.151,DNS,74,Standard query response 0xf7c5 Server failure A ntp.ubuntu.com,FALSE
27,9.299675,192.168.159.152,192.168.159.151,DNS,74,Standard query response 0x7b7f Server failure AAAA ntp.ubuntu.com,FALSE
28,9.29984,192.168.159.151,192.168.159.152,DNS,84,Standard query 0x09d7 A ntp.ubuntu.com.mydns.com,FALSE
29,9.299913,192.168.159.151,192.168.159.152,DNS,84,Standard query 0xe734 AAAA ntp.ubuntu.com.mydns.com,FALSE
30,9.300287,192.168.159.152,192.168.159.151,DNS,132,Standard query response 0x09d7 No such name A ntp.ubuntu.com.mydns.com SOA ubuntu.mydns.com,FALSE
31,9.300317,192.168.159.152,192.168.159.151,DNS,132,Standard query response 0xe734 No such name AAAA ntp.ubuntu.com.mydns.com SOA ubuntu.mydns.com,FALSE
32,9.300582,192.168.159.151,192.168.159.152,DNS,81,Standard query 0x7900 A 3.ubuntu.pool.ntp.org,FALSE
33,9.300768,192.168.159.151,192.168.159.152,DNS,81,Standard query 0xa9d1 AAAA 3.ubuntu.pool.ntp.org,FALSE
34,10.016072,VMware_eb:a7:b9,Broadcast,ARP,60,Who has 192.168.159.2? Tell 192.168.159.150,TRUE
35,10.299543,VMware_1b:ea:01,Broadcast,ARP,60,Who has 192.168.159.2? Tell 192.168.159.152,FALSE
36,11.040052,VMware_eb:a7:b9,Broadcast,ARP,60,Who has 192.168.159.2? Tell 192.168.159.150,TRUE
37,12.301607,VMware_1b:ea:01,Broadcast,ARP,60,Who has 192.168.159.2? Tell 192.168.159.152,FALSE
38,13.299456,VMware_1b:ea:01,Broadcast,ARP,60,Who has 192.168.159.2? Tell 192.168.159.152,FALSE
39,14.009055,VMware_eb:a7:b9,Broadcast,ARP,60,Who has 192.168.159.2? Tell 192.168.159.150,TRUE
40,14.299456,VMware_1b:ea:01,Broadcast,ARP,60,Who has 192.168.159.2? Tell 192.168.159.152,FALSE
41,14.306014,192.168.159.151,192.168.159.152,DNS,81,Standard query 0x7900 A 3.ubuntu.pool.ntp.org,FALSE
42,14.306205,192.168.159.151,192.168.159.152,DNS,81,Standard query 0xa9d1 AAAA 3.ubuntu.pool.ntp.org,FALSE
43,15.040021,VMware_eb:a7:b9,Broadcast,ARP,60,Who has 192.168.159.2? Tell 192.168.159.150,TRUE
44,15.302273,VMware_1b:ea:01,Broadcast,ARP,60,Who has 192.168.159.2? Tell 192.168.159.152,FALSE
45,16.06404,VMware_eb:a7:b9,Broadcast,ARP,60,Who has 192.168.159.2? Tell 192.168.159.150,TRUE
46,16.299463,VMware_1b:ea:01,Broadcast,ARP,60,Who has 192.168.159.2? Tell 192.168.159.152,FALSE
47,17.299632,VMware_1b:ea:01,Broadcast,ARP,60,Who has 192.168.159.2? Tell 192.168.159.152,FALSE
48,18.302616,VMware_1b:ea:01,Broadcast,ARP,60,Who has 192.168.159.2? Tell 192.168.159.152,FALSE
49,19.013483,VMware_eb:a7:b9,Broadcast,ARP,60,Who has 192.168.159.2? Tell 192.168.159.150,TRUE
50,19.29946,VMware_1b:ea:01,Broadcast,ARP,60,Who has 192.168.159.2? Tell 192.168.159.152,FALSE
51,19.301335,192.168.159.152,192.168.159.151,DNS,81,Standard query response 0x7900 Server failure A 3.ubuntu.pool.ntp.org,FALSE
52,19.301362,192.168.159.152,192.168.159.151,DNS,81,Standard query response 0xa9d1 Server failure AAAA 3.ubuntu.pool.ntp.org,FALSE
53,19.301516,192.168.159.151,192.168.159.152,DNS,91,Standard query 0xee19 A 3.ubuntu.pool.ntp.org.mydns.com,FALSE
54,19.301602,192.168.159.151,192.168.159.152,DNS,91,Standard query 0xf267 AAAA 3.ubuntu.pool.ntp.org.mydns.com,FALSE
55,19.301883,192.168.159.152,192.168.159.151,DNS,139,Standard query response 0xee19 No such name A 3.ubuntu.pool.ntp.org.mydns.com SOA ubuntu.mydns.com,FALSE
56,19.301892,192.168.159.152,192.168.159.151,DNS,139,Standard query response 0xf267 No such name AAAA 3.ubuntu.pool.ntp.org.mydns.com SOA ubuntu.mydns.com,FALSE
57,19.302056,192.168.159.151,192.168.159.152,DNS,81,Standard query 0x07d7 A 2.ubuntu.pool.ntp.org,FALSE
58,19.302153,192.168.159.151,192.168.159.152,DNS,81,Standard query 0xae49 AAAA 2.ubuntu.pool.ntp.org,FALSE
59,19.541095,VMware_64:d8:25,VMware_1b:ea:01,ARP,42,Who has 192.168.159.152? Tell 192.168.159.151,FALSE
60,19.541723,VMware_1b:ea:01,VMware_64:d8:25,ARP,60,192.168.159.152 is at 00:0c:29:1b:ea:01,FALSE
61,20.032388,VMware_eb:a7:b9,Broadcast,ARP,60,Who has 192.168.159.2? Tell 192.168.159.150,TRUE
62,20.299544,VMware_1b:ea:01,Broadcast,ARP,60,Who has 192.168.159.2? Tell 192.168.159.152,FALSE
63,21.056181,VMware_eb:a7:b9,Broadcast,ARP,60,Who has 192.168.159.2? Tell 192.168.159.150,TRUE
64,22.302848,VMware_1b:ea:01,Broadcast,ARP,60,Who has 192.168.159.2? Tell 192.168.159.152,FALSE
65,23.299646,VMware_1b:ea:01,Broadcast,ARP,60,Who has 192.168.159.2? Tell 192.168.159.152,FALSE
66,24.018703,VMware_eb:a7:b9,Broadcast,ARP,60,Who has 192.168.159.2? Tell 192.168.159.150,TRUE
67,24.299635,VMware_1b:ea:01,Broadcast,ARP,60,Who has 192.168.159.2? Tell 192.168.159.152,FALSE
68,24.307378,192.168.159.151,192.168.159.152,DNS,81,Standard query 0x07d7 A 2.ubuntu.pool.ntp.org,FALSE
69,24.307491,192.168.159.151,192.168.159.152,DNS,81,Standard query 0xae49 AAAA 2.ubuntu.pool.ntp.org,FALSE
70,25.024178,VMware_eb:a7:b9,Broadcast,ARP,60,Who has 192.168.159.2? Tell 192.168.159.150,TRUE
71,25.50318,VMware_1b:ea:01,Broadcast,ARP,60,Who has 192.168.159.2? Tell 192.168.159.152,FALSE
72,26.048092,VMware_eb:a7:b9,Broadcast,ARP,60,Who has 192.168.159.2? Tell 192.168.159.150,TRUE
73,26.499638,VMware_1b:ea:01,Broadcast,ARP,60,Who has 192.168.159.2? Tell 192.168.159.152,FALSE
74,27.49977,VMware_1b:ea:01,Broadcast,ARP,60,Who has 192.168.159.2? Tell 192.168.159.152,FALSE
75,28.703505,VMware_1b:ea:01,Broadcast,ARP,60,Who has 192.168.159.2? Tell 192.168.159.152,FALSE
76,29.023939,VMware_eb:a7:b9,Broadcast,ARP,60,Who has 192.168.159.2? Tell 192.168.159.150,TRUE
77,29.302766,192.168.159.152,192.168.159.151,DNS,81,Standard query response 0x07d7 Server failure A 2.ubuntu.pool.ntp.org,FALSE
78,29.302803,192.168.159.152,192.168.159.151,DNS,81,Standard query response 0xae49 Server failure AAAA 2.ubuntu.pool.ntp.org,FALSE
79,29.30292,192.168.159.151,192.168.159.152,DNS,91,Standard query 0x2673 A 2.ubuntu.pool.ntp.org.mydns.com,FALSE
80,29.303038,192.168.159.151,192.168.159.152,DNS,91,Standard query 0xfaa6 AAAA 2.ubuntu.pool.ntp.org.mydns.com,FALSE
81,29.303393,192.168.159.152,192.168.159.151,DNS,139,Standard query response 0x2673 No such name A 2.ubuntu.pool.ntp.org.mydns.com SOA ubuntu.mydns.com,FALSE
82,29.30341,192.168.159.152,192.168.159.151,DNS,139,Standard query response 0xfaa6 No such name AAAA 2.ubuntu.pool.ntp.org.mydns.com SOA ubuntu.mydns.com,FALSE
83,29.303735,192.168.159.151,192.168.159.152,DNS,81,Standard query 0x136c A 0.ubuntu.pool.ntp.org,FALSE
84,29.304112,192.168.159.151,192.168.159.152,DNS,81,Standard query 0x283c AAAA 0.ubuntu.pool.ntp.org,FALSE
85,29.699482,VMware_1b:ea:01,Broadcast,ARP,60,Who has 192.168.159.2? Tell 192.168.159.152,FALSE
86,30.048043,VMware_eb:a7:b9,Broadcast,ARP,60,Who has 192.168.159.2? Tell 192.168.159.150,TRUE
87,30.699613,VMware_1b:ea:01,Broadcast,ARP,60,Who has 192.168.159.2? Tell 192.168.159.152,FALSE
88,31.072164,VMware_eb:a7:b9,Broadcast,ARP,60,Who has 192.168.159.2? Tell 192.168.159.150,TRUE
89,32.504802,VMware_1b:ea:01,Broadcast,ARP,60,Who has 192.168.159.2? Tell 192.168.159.152,FALSE
90,33.503546,VMware_1b:ea:01,Broadcast,ARP,60,Who has 192.168.159.2? Tell 192.168.159.152,FALSE
91,34.0289,VMware_eb:a7:b9,Broadcast,ARP,60,Who has 192.168.159.2? Tell 192.168.159.150,TRUE
92,34.304491,192.168.159.151,192.168.159.152,DNS,81,Standard query 0x136c A 0.ubuntu.pool.ntp.org,FALSE
93,34.304632,192.168.159.151,192.168.159.152,DNS,81,Standard query 0x283c AAAA 0.ubuntu.pool.ntp.org,FALSE
94,34.503694,VMware_1b:ea:01,Broadcast,ARP,60,Who has 192.168.159.2? Tell 192.168.159.152,FALSE
95,35.040147,VMware_eb:a7:b9,Broadcast,ARP,60,Who has 192.168.159.2? Tell 192.168.159.150,TRUE
96,35.705437,VMware_1b:ea:01,Broadcast,ARP,60,Who has 192.168.159.2? Tell 192.168.159.152,FALSE
97,36.064036,VMware_eb:a7:b9,Broadcast,ARP,60,Who has 192.168.159.2? Tell 192.168.159.150,TRUE
98,36.703642,VMware_1b:ea:01,Broadcast,ARP,60,Who has 192.168.159.2? Tell 192.168.159.152,FALSE
99,37.703476,VMware_1b:ea:01,Broadcast,ARP,60,Who has 192.168.159.2? Tell 192.168.159.152,FALSE
100,37.821279,192.168.159.153,192.168.159.152,TCP,74,"38116  >  21 [SYN, ECE, CWR] Seq=0 Win=29200 Len=0 MSS=1460 SACK_PERM TSval=1279504634 TSecr=0 WS=128",FALSE
101,37.82143,192.168.159.152,192.168.159.153,TCP,74,"21  >  38116 [SYN, ACK, ECE] Seq=0 Ack=1 Win=28960 Len=0 MSS=1460 SACK_PERM TSval=26545 TSecr=1279504634 WS=128",FALSE
102,37.821566,192.168.159.153,192.168.159.152,TCP,66,38116  >  21 [ACK] Seq=1 Ack=1 Win=29312 Len=0 TSval=1279504634 TSecr=26545,FALSE
103,37.824083,192.168.159.152,192.168.159.153,FTP,86,Response: 220 (vsFTPd 3.0.2),FALSE
104,37.824204,192.168.159.153,192.168.159.152,TCP,66,38116  >  21 [ACK] Seq=1 Ack=21 Win=29312 Len=0 TSval=1279504637 TSecr=26546,FALSE
105,37.824341,192.168.159.153,192.168.159.152,FTP,76,Request: AUTH TLS,FALSE
106,37.824427,192.168.159.152,192.168.159.153,TCP,66,21  >  38116 [ACK] Seq=21 Ack=11 Win=29056 Len=0 TSval=26546 TSecr=1279504637,FALSE
107,37.824513,192.168.159.152,192.168.159.153,FTP,104,Response: 530 Please login with USER and PASS.,FALSE
108,37.824646,192.168.159.153,192.168.159.152,FTP,76,Request: AUTH SSL,FALSE
109,37.824772,192.168.159.152,192.168.159.153,FTP,104,Response: 530 Please login with USER and PASS.,FALSE
110,37.82495,192.168.159.153,192.168.159.152,FTP,79,Request: USER admin1,FALSE
111,37.82514,192.168.159.152,192.168.159.153,FTP,100,Response: 331 Please specify the password.,FALSE
112,37.825274,192.168.159.153,192.168.159.152,FTP,78,Request: PASS admin,FALSE
113,37.857576,192.168.159.152,192.168.159.153,FTP,89,Response: 230 Login successful.,FALSE
114,37.85786,192.168.159.153,192.168.159.152,FTP,80,Request: OPTS UTF8 ON,FALSE
115,37.858078,192.168.159.152,192.168.159.153,FTP,92,Response: 200 Always in UTF8 mode.,FALSE
116,37.858707,192.168.159.153,192.168.159.152,FTP,71,Request: PWD,FALSE
117,37.858862,192.168.159.152,192.168.159.153,FTP,86,"Response: 257 ""/home/admin1""",FALSE
118,37.90236,192.168.159.153,192.168.159.152,TCP,66,38116  >  21 [ACK] Seq=65 Ack=200 Win=29312 Len=0 TSval=1279504715 TSecr=26554,FALSE
119,38.617856,192.168.159.151,192.168.159.152,DNS,88,Standard query 0xb248 PTR 153.159.168.192.in-addr.arpa,FALSE
120,38.618465,192.168.159.152,192.168.159.151,DNS,160,Standard query response 0xb248 PTR 153.159.168.192.in-addr.arpa PTR mobiledb.mydns.com NS kdc01.mydns.com NS ubuntu,FALSE
121,38.905759,VMware_1b:ea:01,Broadcast,ARP,60,Who has 192.168.159.2? Tell 192.168.159.152,FALSE
122,39.033686,VMware_eb:a7:b9,Broadcast,ARP,60,Who has 192.168.159.2? Tell 192.168.159.150,TRUE
123,39.304284,192.168.159.152,192.168.159.151,DNS,81,Standard query response 0x136c Server failure A 0.ubuntu.pool.ntp.org,FALSE
124,39.304405,192.168.159.151,192.168.159.152,DNS,91,Standard query 0xed5a A 0.ubuntu.pool.ntp.org.mydns.com,FALSE
125,39.304488,192.168.159.152,192.168.159.151,DNS,81,Standard query response 0x283c Server failure AAAA 0.ubuntu.pool.ntp.org,FALSE
126,39.304505,192.168.159.151,192.168.159.152,ICMP,109,Destination unreachable (Port unreachable),FALSE
127,39.304619,192.168.159.151,192.168.159.152,DNS,91,Standard query 0xa682 AAAA 0.ubuntu.pool.ntp.org.mydns.com,FALSE
128,39.304744,192.168.159.152,192.168.159.151,DNS,139,Standard query response 0xed5a No such name A 0.ubuntu.pool.ntp.org.mydns.com SOA ubuntu.mydns.com,FALSE
129,39.30486,192.168.159.152,192.168.159.151,DNS,139,Standard query response 0xa682 No such name AAAA 0.ubuntu.pool.ntp.org.mydns.com SOA ubuntu.mydns.com,FALSE
130,39.903515,VMware_1b:ea:01,Broadcast,ARP,60,Who has 192.168.159.2? Tell 192.168.159.152,FALSE
131,40.064087,VMware_eb:a7:b9,Broadcast,ARP,60,Who has 192.168.159.2? Tell 192.168.159.150,TRUE
132,40.903578,VMware_1b:ea:01,Broadcast,ARP,60,Who has 192.168.159.2? Tell 192.168.159.152,FALSE
133,41.08818,VMware_eb:a7:b9,Broadcast,ARP,60,Who has 192.168.159.2? Tell 192.168.159.150,TRUE
134,42.918309,VMware_34:25:0e,VMware_1b:ea:01,ARP,60,Who has 192.168.159.152? Tell 192.168.159.153,FALSE
135,42.918388,VMware_1b:ea:01,VMware_34:25:0e,ARP,60,192.168.159.152 is at 00:0c:29:1b:ea:01,FALSE
136,43.623556,VMware_1b:ea:01,VMware_64:d8:25,ARP,60,Who has 192.168.159.151? Tell 192.168.159.152,FALSE
137,43.623575,VMware_64:d8:25,VMware_1b:ea:01,ARP,42,192.168.159.151 is at 00:0c:29:64:d8:25,FALSE
138,44.037247,VMware_eb:a7:b9,Broadcast,ARP,60,Who has 192.168.159.2? Tell 192.168.159.150,TRUE
139,45.056027,VMware_eb:a7:b9,Broadcast,ARP,60,Who has 192.168.159.2? Tell 192.168.159.150,TRUE
140,45.977462,192.168.159.153,192.168.159.152,FTP,92,Request: CWD /home/admin1/Desktop,FALSE
141,45.977744,192.168.159.152,192.168.159.153,FTP,103,Response: 250 Directory successfully changed.,FALSE
142,45.977752,192.168.159.153,192.168.159.152,TCP,66,38116  >  21 [ACK] Seq=91 Ack=237 Win=29312 Len=0 TSval=1279512791 TSecr=28584,FALSE
143,45.979157,192.168.159.153,192.168.159.152,FTP,71,Request: PWD,FALSE
144,45.979166,192.168.159.152,192.168.159.153,FTP,94,"Response: 257 ""/home/admin1/Desktop""",FALSE
145,45.979477,192.168.159.153,192.168.159.152,FTP,74,Request: TYPE I,FALSE
146,45.979622,192.168.159.152,192.168.159.153,FTP,97,Response: 200 Switching to Binary mode.,FALSE
147,45.979807,192.168.159.153,192.168.159.152,FTP,72,Request: PASV,FALSE
148,45.980076,192.168.159.152,192.168.159.153,FTP,120,"Response: 227 Entering Passive Mode (192,168,159,152,156,141).",FALSE
149,45.980786,192.168.159.153,192.168.159.152,FTP,72,Request: LIST,FALSE
150,45.98079,192.168.159.153,192.168.159.152,TCP,74,"43577  >  40077 [SYN, ECE, CWR] Seq=0 Win=29200 Len=0 MSS=1460 SACK_PERM TSval=1279512794 TSecr=0 WS=4",FALSE
151,45.980861,192.168.159.152,192.168.159.153,TCP,74,"40077  >  43577 [SYN, ACK, ECE] Seq=0 Ack=1 Win=28960 Len=0 MSS=1460 SACK_PERM TSval=28585 TSecr=1279512794 WS=128",FALSE
152,45.980953,192.168.159.153,192.168.159.152,TCP,66,43577  >  40077 [ACK] Seq=1 Ack=1 Win=29200 Len=0 TSval=1279512794 TSecr=28585,FALSE
153,45.981341,192.168.159.152,192.168.159.153,FTP,105,Response: 150 Here comes the directory listing.,FALSE
154,45.981575,192.168.159.152,192.168.159.153,FTP-DATA,1235,FTP Data: 1169 bytes (PASV) (LIST),FALSE
155,45.98158,192.168.159.152,192.168.159.153,TCP,66,"40077  >  43577 [FIN, ACK] Seq=1170 Ack=1 Win=29056 Len=0 TSval=28585 TSecr=1279512794",FALSE
156,45.981639,192.168.159.153,192.168.159.152,TCP,66,43577  >  40077 [ACK] Seq=1 Ack=1170 Win=32096 Len=0 TSval=1279512794 TSecr=28585,FALSE
157,45.981844,192.168.159.153,192.168.159.152,TCP,66,"43577  >  40077 [FIN, ACK] Seq=1 Ack=1171 Win=32096 Len=0 TSval=1279512795 TSecr=28585",FALSE
158,45.981875,192.168.159.152,192.168.159.153,TCP,66,40077  >  43577 [ACK] Seq=1171 Ack=2 Win=29056 Len=0 TSval=28585 TSecr=1279512795,FALSE
159,45.982063,192.168.159.152,192.168.159.153,FTP,90,Response: 226 Directory send OK.,FALSE
160,45.98234,192.168.159.153,192.168.159.152,TCP,66,38116  >  21 [ACK] Seq=116 Ack=413 Win=29312 Len=0 TSval=1279512795 TSecr=28585,FALSE
161,46.080029,VMware_eb:a7:b9,Broadcast,ARP,60,Who has 192.168.159.2? Tell 192.168.159.150,TRUE
162,49.04196,VMware_eb:a7:b9,Broadcast,ARP,60,Who has 192.168.159.2? Tell 192.168.159.150,TRUE
163,50.048038,VMware_eb:a7:b9,Broadcast,ARP,60,Who has 192.168.159.2? Tell 192.168.159.150,TRUE
164,50.316721,192.168.159.153,192.168.159.152,FTP,107,Request: CWD /home/admin1/Desktop/Files-Received,FALSE
165,50.317033,192.168.159.152,192.168.159.153,FTP,103,Response: 250 Directory successfully changed.,FALSE
166,50.318105,192.168.159.153,192.168.159.152,FTP,71,Request: PWD,FALSE
167,50.318278,192.168.159.152,192.168.159.153,FTP,109,"Response: 257 ""/home/admin1/Desktop/Files-Received""",FALSE
168,50.318484,192.168.159.153,192.168.159.152,FTP,72,Request: PASV,FALSE
169,50.318833,192.168.159.152,192.168.159.153,FTP,120,"Response: 227 Entering Passive Mode (192,168,159,152,156,136).",FALSE
170,50.319055,192.168.159.153,192.168.159.152,FTP,72,Request: LIST,FALSE
171,50.319225,192.168.159.153,192.168.159.152,TCP,74,"39749  >  40072 [SYN, ECE, CWR] Seq=0 Win=29200 Len=0 MSS=1460 SACK_PERM TSval=1279517132 TSecr=0 WS=4",FALSE
172,50.319228,192.168.159.152,192.168.159.153,TCP,74,"40072  >  39749 [SYN, ACK, ECE] Seq=0 Ack=1 Win=28960 Len=0 MSS=1460 SACK_PERM TSval=29669 TSecr=1279517132 WS=128",FALSE
173,50.319435,192.168.159.153,192.168.159.152,TCP,66,39749  >  40072 [ACK] Seq=1 Ack=1 Win=29200 Len=0 TSval=1279517132 TSecr=29669,FALSE
174,50.319697,192.168.159.152,192.168.159.153,FTP,105,Response: 150 Here comes the directory listing.,FALSE
175,50.319825,192.168.159.152,192.168.159.153,TCP,66,"40072  >  39749 [FIN, ACK] Seq=1 Ack=1 Win=29056 Len=0 TSval=29670 TSecr=1279517132",FALSE
176,50.320182,192.168.159.153,192.168.159.152,TCP,66,"39749  >  40072 [FIN, ACK] Seq=1 Ack=2 Win=29200 Len=0 TSval=1279517133 TSecr=29670",FALSE
177,50.320186,192.168.159.152,192.168.159.153,TCP,66,40072  >  39749 [ACK] Seq=2 Ack=2 Win=29056 Len=0 TSval=29670 TSecr=1279517133,FALSE
178,50.320187,192.168.159.152,192.168.159.153,FTP,90,Response: 226 Directory send OK.,FALSE
179,50.320511,192.168.159.153,192.168.159.152,TCP,66,38116  >  21 [ACK] Seq=174 Ack=610 Win=29312 Len=0 TSval=1279517133 TSecr=29670,FALSE
180,51.072029,VMware_eb:a7:b9,Broadcast,ARP,60,Who has 192.168.159.2? Tell 192.168.159.150,TRUE
181,54.045537,VMware_eb:a7:b9,Broadcast,ARP,60,Who has 192.168.159.2? Tell 192.168.159.150,TRUE
182,54.296531,192.168.159.151,192.168.159.152,DNS,74,Standard query 0x9597 A ntp.ubuntu.com,FALSE
183,54.296666,192.168.159.151,192.168.159.152,DNS,74,Standard query 0xafb8 AAAA ntp.ubuntu.com,FALSE
184,54.297314,VMware_1b:ea:01,Broadcast,ARP,60,Who has 192.168.159.2? Tell 192.168.159.152,FALSE
185,55.072285,VMware_eb:a7:b9,Broadcast,ARP,60,Who has 192.168.159.2? Tell 192.168.159.150,TRUE
186,55.295621,VMware_1b:ea:01,Broadcast,ARP,60,Who has 192.168.159.2? Tell 192.168.159.152,FALSE
187,56.09604,VMware_eb:a7:b9,Broadcast,ARP,60,Who has 192.168.159.2? Tell 192.168.159.150,TRUE
188,56.295518,VMware_1b:ea:01,Broadcast,ARP,60,Who has 192.168.159.2? Tell 192.168.159.152,FALSE
189,56.983089,192.168.159.153,192.168.159.152,TCP,74,"38118  >  21 [SYN, ECE, CWR] Seq=0 Win=29200 Len=0 MSS=1460 SACK_PERM TSval=1279523795 TSecr=0 WS=128",FALSE
190,56.983383,192.168.159.152,192.168.159.153,TCP,74,"21  >  38118 [SYN, ACK, ECE] Seq=0 Ack=1 Win=28960 Len=0 MSS=1460 SACK_PERM TSval=31335 TSecr=1279523795 WS=128",FALSE
191,56.983592,192.168.159.153,192.168.159.152,TCP,66,38118  >  21 [ACK] Seq=1 Ack=1 Win=29312 Len=0 TSval=1279523796 TSecr=31335,FALSE
192,56.988184,192.168.159.152,192.168.159.153,FTP,86,Response: 220 (vsFTPd 3.0.2),FALSE
193,56.988226,192.168.159.153,192.168.159.152,TCP,66,38118  >  21 [ACK] Seq=1 Ack=21 Win=29312 Len=0 TSval=1279523801 TSecr=31337,FALSE
194,56.988308,192.168.159.153,192.168.159.152,FTP,76,Request: AUTH TLS,FALSE
195,56.98838,192.168.159.152,192.168.159.153,TCP,66,21  >  38118 [ACK] Seq=21 Ack=11 Win=29056 Len=0 TSval=31337 TSecr=1279523801,FALSE
196,56.989573,192.168.159.152,192.168.159.153,FTP,104,Response: 530 Please login with USER and PASS.,FALSE
197,56.990077,192.168.159.153,192.168.159.152,FTP,76,Request: AUTH SSL,FALSE
198,56.990526,192.168.159.152,192.168.159.153,FTP,104,Response: 530 Please login with USER and PASS.,FALSE
199,56.990964,192.168.159.153,192.168.159.152,FTP,79,Request: USER admin1,FALSE
200,56.991132,192.168.159.152,192.168.159.153,FTP,100,Response: 331 Please specify the password.,FALSE
201,56.991286,192.168.159.153,192.168.159.152,FTP,78,Request: PASS admin,FALSE
202,57.026065,192.168.159.152,192.168.159.153,FTP,89,Response: 230 Login successful.,FALSE
203,57.02639,192.168.159.153,192.168.159.152,FTP,80,Request: OPTS UTF8 ON,FALSE
204,57.026571,192.168.159.152,192.168.159.153,FTP,92,Response: 200 Always in UTF8 mode.,FALSE
205,57.027409,192.168.159.153,192.168.159.152,FTP,107,Request: CWD /home/admin1/Desktop/Files-Received,FALSE
206,57.027543,192.168.159.152,192.168.159.153,FTP,103,Response: 250 Directory successfully changed.,FALSE
207,57.02785,192.168.159.153,192.168.159.152,FTP,74,Request: TYPE A,FALSE
208,57.027985,192.168.159.152,192.168.159.153,FTP,96,Response: 200 Switching to ASCII mode.,FALSE
209,57.028173,192.168.159.153,192.168.159.152,FTP,72,Request: PASV,FALSE
210,57.028536,192.168.159.152,192.168.159.153,FTP,120,"Response: 227 Entering Passive Mode (192,168,159,152,156,113).",FALSE
211,57.0289,192.168.159.153,192.168.159.152,FTP,84,Request: STOR Users1.html,FALSE
212,57.02898,192.168.159.153,192.168.159.152,TCP,74,"47699  >  40049 [SYN, ECE, CWR] Seq=0 Win=29200 Len=0 MSS=1460 SACK_PERM TSval=1279523842 TSecr=0 WS=4",FALSE
213,57.028982,192.168.159.152,192.168.159.153,TCP,74,"40049  >  47699 [SYN, ACK, ECE] Seq=0 Ack=1 Win=28960 Len=0 MSS=1460 SACK_PERM TSval=31347 TSecr=1279523842 WS=128",FALSE
214,57.029219,192.168.159.153,192.168.159.152,TCP,66,47699  >  40049 [ACK] Seq=1 Ack=1 Win=29200 Len=0 TSval=1279523842 TSecr=31347,FALSE
215,57.029223,192.168.159.153,192.168.159.152,FTP-DATA/XML,1514,FTP Data: 1448 bytes (PASV) (STOR Users1.html),FALSE
216,57.029227,192.168.159.153,192.168.159.152,FTP-DATA,1514,FTP Data: 1448 bytes (PASV) (STOR Users1.html),FALSE
217,57.029232,192.168.159.153,192.168.159.152,FTP-DATA,1514,FTP Data: 1448 bytes (PASV) (STOR Users1.html),FALSE
218,57.029234,192.168.159.153,192.168.159.152,FTP-DATA,1514,FTP Data: 1448 bytes (PASV) (STOR Users1.html),FALSE
219,57.029236,192.168.159.153,192.168.159.152,FTP-DATA,1514,FTP Data: 1448 bytes (PASV) (STOR Users1.html),FALSE
220,57.029351,192.168.159.152,192.168.159.153,TCP,66,40049  >  47699 [ACK] Seq=1 Ack=7241 Win=43520 Len=0 TSval=31347 TSecr=1279523842,FALSE
221,57.029354,192.168.159.153,192.168.159.152,FTP-DATA,1514,FTP Data: 1448 bytes (PASV) (STOR Users1.html),FALSE
222,57.029357,192.168.159.153,192.168.159.152,FTP-DATA,1514,FTP Data: 1448 bytes (PASV) (STOR Users1.html),FALSE
223,57.029359,192.168.159.153,192.168.159.152,FTP-DATA,1198,FTP Data: 1132 bytes (PASV) (STOR Users1.html),FALSE
224,57.029467,192.168.159.152,192.168.159.153,TCP,66,40049  >  47699 [ACK] Seq=1 Ack=11269 Win=51584 Len=0 TSval=31347 TSecr=1279523842,FALSE
225,57.029646,192.168.159.153,192.168.159.152,TCP,66,"47699  >  40049 [FIN, ACK] Seq=11269 Ack=1 Win=29200 Len=0 TSval=1279523842 TSecr=31347",FALSE
226,57.029649,192.168.159.152,192.168.159.153,FTP,88,Response: 150 Ok to send data.,FALSE
227,57.029797,192.168.159.152,192.168.159.153,TCP,66,"40049  >  47699 [FIN, ACK] Seq=1 Ack=11270 Win=51584 Len=0 TSval=31347 TSecr=1279523842",FALSE
228,57.029911,192.168.159.153,192.168.159.152,TCP,66,47699  >  40049 [ACK] Seq=11270 Ack=2 Win=29200 Len=0 TSval=1279523843 TSecr=31347,FALSE
229,57.030139,192.168.159.152,192.168.159.153,FTP,90,Response: 226 Transfer complete.,FALSE
230,57.030349,192.168.159.153,192.168.159.152,TCP,66,38118  >  21 [ACK] Seq=133 Ack=347 Win=29312 Len=0 TSval=1279523843 TSecr=31347,FALSE
231,57.035466,192.168.159.153,192.168.159.152,FTP,74,Request: TYPE I,FALSE
232,57.035724,192.168.159.152,192.168.159.153,FTP,97,Response: 200 Switching to Binary mode.,FALSE
233,57.036001,192.168.159.153,192.168.159.152,FTP,72,Request: PASV,FALSE
234,57.036485,192.168.159.152,192.168.159.153,FTP,120,"Response: 227 Entering Passive Mode (192,168,159,152,156,122).",FALSE
235,57.038439,192.168.159.153,192.168.159.152,FTP,72,Request: LIST,FALSE
236,57.038447,192.168.159.153,192.168.159.152,TCP,74,"53483  >  40058 [SYN, ECE, CWR] Seq=0 Win=29200 Len=0 MSS=1460 SACK_PERM TSval=1279523851 TSecr=0 WS=4",FALSE
237,57.038637,192.168.159.152,192.168.159.153,TCP,74,"40058  >  53483 [SYN, ACK, ECE] Seq=0 Ack=1 Win=28960 Len=0 MSS=1460 SACK_PERM TSval=31349 TSecr=1279523851 WS=128",FALSE
238,57.038742,192.168.159.153,192.168.159.152,TCP,66,53483  >  40058 [ACK] Seq=1 Ack=1 Win=29200 Len=0 TSval=1279523851 TSecr=31349,FALSE
239,57.039081,192.168.159.152,192.168.159.153,FTP,105,Response: 150 Here comes the directory listing.,FALSE
240,57.039086,192.168.159.152,192.168.159.153,FTP-DATA,135,FTP Data: 69 bytes (PASV) (LIST),FALSE
241,57.039087,192.168.159.152,192.168.159.153,TCP,66,"40058  >  53483 [FIN, ACK] Seq=70 Ack=1 Win=29056 Len=0 TSval=31349 TSecr=1279523851",FALSE
242,57.039181,192.168.159.153,192.168.159.152,TCP,66,53483  >  40058 [ACK] Seq=1 Ack=70 Win=29200 Len=0 TSval=1279523852 TSecr=31349,FALSE
243,57.039516,192.168.159.153,192.168.159.152,TCP,66,"53483  >  40058 [FIN, ACK] Seq=1 Ack=71 Win=29200 Len=0 TSval=1279523852 TSecr=31349",FALSE
244,57.03963,192.168.159.152,192.168.159.153,TCP,66,40058  >  53483 [ACK] Seq=71 Ack=2 Win=29056 Len=0 TSval=31350 TSecr=1279523852,FALSE
245,57.039804,192.168.159.152,192.168.159.153,FTP,90,Response: 226 Directory send OK.,FALSE
246,57.039894,192.168.159.153,192.168.159.152,TCP,66,38118  >  21 [ACK] Seq=153 Ack=495 Win=29312 Len=0 TSval=1279523853 TSecr=31349,FALSE
247,57.039984,192.168.159.153,192.168.159.152,FTP,84,Request: MDTM Users1.html,FALSE
248,57.040163,192.168.159.152,192.168.159.153,FTP,86,Response: 213 20231106174822,FALSE
249,57.082501,192.168.159.153,192.168.159.152,TCP,66,38118  >  21 [ACK] Seq=171 Ack=515 Win=29312 Len=0 TSval=1279523895 TSecr=31350,FALSE
250,57.497672,VMware_1b:ea:01,Broadcast,ARP,60,Who has 192.168.159.2? Tell 192.168.159.152,FALSE
251,58.495671,VMware_1b:ea:01,Broadcast,ARP,60,Who has 192.168.159.2? Tell 192.168.159.152,FALSE
252,59.049498,VMware_eb:a7:b9,Broadcast,ARP,60,Who has 192.168.159.2? Tell 192.168.159.150,TRUE
253,59.298589,192.168.159.151,192.168.159.152,DNS,74,Standard query 0x9597 A ntp.ubuntu.com,FALSE
254,59.298743,192.168.159.151,192.168.159.152,DNS,74,Standard query 0xafb8 AAAA ntp.ubuntu.com,FALSE
255,59.495592,VMware_1b:ea:01,Broadcast,ARP,60,Who has 192.168.159.2? Tell 192.168.159.152,FALSE
256,60.064003,VMware_eb:a7:b9,Broadcast,ARP,60,Who has 192.168.159.2? Tell 192.168.159.150,TRUE
257,60.697911,VMware_1b:ea:01,Broadcast,ARP,60,Who has 192.168.159.2? Tell 192.168.159.152,FALSE
258,61.087989,VMware_eb:a7:b9,Broadcast,ARP,60,Who has 192.168.159.2? Tell 192.168.159.150,TRUE
259,61.248841,192.168.159.153,192.168.159.152,TCP,66,"38116  >  21 [FIN, ACK] Seq=174 Ack=610 Win=29312 Len=0 TSval=1279528061 TSecr=29670",FALSE
260,61.249032,192.168.159.152,192.168.159.153,TCP,66,"21  >  38116 [FIN, ACK] Seq=610 Ack=175 Win=29056 Len=0 TSval=32402 TSecr=1279528061",FALSE
261,61.249159,192.168.159.153,192.168.159.152,TCP,66,38116  >  21 [ACK] Seq=175 Ack=611 Win=29312 Len=0 TSval=1279528062 TSecr=32402,FALSE
262,61.695709,VMware_1b:ea:01,Broadcast,ARP,60,Who has 192.168.159.2? Tell 192.168.159.152,FALSE
263,62.695564,VMware_1b:ea:01,Broadcast,ARP,60,Who has 192.168.159.2? Tell 192.168.159.152,FALSE
264,63.897916,VMware_1b:ea:01,Broadcast,ARP,60,Who has 192.168.159.2? Tell 192.168.159.152,FALSE
265,64.054253,VMware_eb:a7:b9,Broadcast,ARP,60,Who has 192.168.159.2? Tell 192.168.159.150,TRUE
266,64.297252,192.168.159.152,192.168.159.151,DNS,74,Standard query response 0x9597 Server failure A ntp.ubuntu.com,FALSE
267,64.297288,192.168.159.152,192.168.159.151,DNS,74,Standard query response 0xafb8 Server failure AAAA ntp.ubuntu.com,FALSE
268,64.297385,192.168.159.151,192.168.159.152,DNS,84,Standard query 0xa5c2 A ntp.ubuntu.com.mydns.com,FALSE
269,64.297473,192.168.159.151,192.168.159.152,DNS,84,Standard query 0x37d2 AAAA ntp.ubuntu.com.mydns.com,FALSE
270,64.297729,192.168.159.152,192.168.159.151,DNS,132,Standard query response 0xa5c2 No such name A ntp.ubuntu.com.mydns.com SOA ubuntu.mydns.com,FALSE
271,64.297747,192.168.159.152,192.168.159.151,DNS,132,Standard query response 0x37d2 No such name AAAA ntp.ubuntu.com.mydns.com SOA ubuntu.mydns.com,FALSE
272,64.297982,192.168.159.151,192.168.159.152,DNS,81,Standard query 0x276f A 1.ubuntu.pool.ntp.org,FALSE
273,64.298172,192.168.159.151,192.168.159.152,DNS,81,Standard query 0x0712 AAAA 1.ubuntu.pool.ntp.org,FALSE
274,64.34117,VMware_64:d8:25,VMware_1b:ea:01,ARP,42,Who has 192.168.159.152? Tell 192.168.159.151,FALSE
275,64.341418,VMware_1b:ea:01,VMware_64:d8:25,ARP,60,192.168.159.152 is at 00:0c:29:1b:ea:01,FALSE
276,64.89556,VMware_1b:ea:01,Broadcast,ARP,60,Who has 192.168.159.2? Tell 192.168.159.152,FALSE
277,65.056102,VMware_eb:a7:b9,Broadcast,ARP,60,Who has 192.168.159.2? Tell 192.168.159.150,TRUE
278,65.895495,VMware_1b:ea:01,Broadcast,ARP,60,Who has 192.168.159.2? Tell 192.168.159.152,FALSE
279,66.080132,VMware_eb:a7:b9,Broadcast,ARP,60,Who has 192.168.159.2? Tell 192.168.159.150,TRUE
280,67.498891,VMware_1b:ea:01,Broadcast,ARP,60,Who has 192.168.159.2? Tell 192.168.159.152,FALSE
281,68.495561,VMware_1b:ea:01,Broadcast,ARP,60,Who has 192.168.159.2? Tell 192.168.159.152,FALSE
282,69.058574,VMware_eb:a7:b9,Broadcast,ARP,60,Who has 192.168.159.2? Tell 192.168.159.150,TRUE
283,69.301788,192.168.159.151,192.168.159.152,DNS,81,Standard query 0x276f A 1.ubuntu.pool.ntp.org,FALSE
284,69.301942,192.168.159.151,192.168.159.152,DNS,81,Standard query 0x0712 AAAA 1.ubuntu.pool.ntp.org,FALSE
285,69.495723,VMware_1b:ea:01,Broadcast,ARP,60,Who has 192.168.159.2? Tell 192.168.159.152,FALSE
286,70.080177,VMware_eb:a7:b9,Broadcast,ARP,60,Who has 192.168.159.2? Tell 192.168.159.150,TRUE
287,70.699071,VMware_1b:ea:01,Broadcast,ARP,60,Who has 192.168.159.2? Tell 192.168.159.152,FALSE
288,71.104222,VMware_eb:a7:b9,Broadcast,ARP,60,Who has 192.168.159.2? Tell 192.168.159.150,TRUE
289,71.69555,VMware_1b:ea:01,Broadcast,ARP,60,Who has 192.168.159.2? Tell 192.168.159.152,FALSE
290,72.69552,VMware_1b:ea:01,Broadcast,ARP,60,Who has 192.168.159.2? Tell 192.168.159.152,FALSE
291,73.899188,VMware_1b:ea:01,Broadcast,ARP,60,Who has 192.168.159.2? Tell 192.168.159.152,FALSE
292,74.062819,VMware_eb:a7:b9,Broadcast,ARP,60,Who has 192.168.159.2? Tell 192.168.159.150,TRUE
293,74.298542,192.168.159.152,192.168.159.151,DNS,81,Standard query response 0x276f Server failure A 1.ubuntu.pool.ntp.org,FALSE
294,74.298709,192.168.159.152,192.168.159.151,DNS,81,Standard query response 0x0712 Server failure AAAA 1.ubuntu.pool.ntp.org,FALSE
295,74.298809,192.168.159.151,192.168.159.152,DNS,91,Standard query 0x9ea2 A 1.ubuntu.pool.ntp.org.mydns.com,FALSE
296,74.298951,192.168.159.151,192.168.159.152,DNS,91,Standard query 0xfc38 AAAA 1.ubuntu.pool.ntp.org.mydns.com,FALSE
297,74.299158,192.168.159.152,192.168.159.151,DNS,139,Standard query response 0x9ea2 No such name A 1.ubuntu.pool.ntp.org.mydns.com SOA ubuntu.mydns.com,FALSE
298,74.299168,192.168.159.152,192.168.159.151,DNS,139,Standard query response 0xfc38 No such name AAAA 1.ubuntu.pool.ntp.org.mydns.com SOA ubuntu.mydns.com,FALSE
299,74.299406,192.168.159.151,192.168.159.152,DNS,81,Standard query 0x7f59 A 3.ubuntu.pool.ntp.org,FALSE
300,74.299639,192.168.159.151,192.168.159.152,DNS,81,Standard query 0xbc7f AAAA 3.ubuntu.pool.ntp.org,FALSE
301,74.895537,VMware_1b:ea:01,Broadcast,ARP,60,Who has 192.168.159.2? Tell 192.168.159.152,FALSE
302,75.072049,VMware_eb:a7:b9,Broadcast,ARP,60,Who has 192.168.159.2? Tell 192.168.159.150,TRUE
303,75.895731,VMware_1b:ea:01,Broadcast,ARP,60,Who has 192.168.159.2? Tell 192.168.159.152,FALSE
304,76.096395,VMware_eb:a7:b9,Broadcast,ARP,60,Who has 192.168.159.2? Tell 192.168.159.150,TRUE
305,77.500402,VMware_1b:ea:01,Broadcast,ARP,60,Who has 192.168.159.2? Tell 192.168.159.152,FALSE
306,78.49976,VMware_1b:ea:01,Broadcast,ARP,60,Who has 192.168.159.2? Tell 192.168.159.152,FALSE
307,79.067061,VMware_eb:a7:b9,Broadcast,ARP,60,Who has 192.168.159.2? Tell 192.168.159.150,TRUE
308,79.303959,192.168.159.151,192.168.159.152,DNS,81,Standard query 0x7f59 A 3.ubuntu.pool.ntp.org,FALSE
309,79.304194,192.168.159.151,192.168.159.152,DNS,81,Standard query 0xbc7f AAAA 3.ubuntu.pool.ntp.org,FALSE
310,79.499569,VMware_1b:ea:01,Broadcast,ARP,60,Who has 192.168.159.2? Tell 192.168.159.152,FALSE
311,80.096191,VMware_eb:a7:b9,Broadcast,ARP,60,Who has 192.168.159.2? Tell 192.168.159.150,TRUE
312,80.700845,VMware_1b:ea:01,Broadcast,ARP,60,Who has 192.168.159.2? Tell 192.168.159.152,FALSE
313,81.120077,VMware_eb:a7:b9,Broadcast,ARP,60,Who has 192.168.159.2? Tell 192.168.159.150,TRUE
314,81.699558,VMware_1b:ea:01,Broadcast,ARP,60,Who has 192.168.159.2? Tell 192.168.159.152,FALSE
315,82.699641,VMware_1b:ea:01,Broadcast,ARP,60,Who has 192.168.159.2? Tell 192.168.159.152,FALSE
316,84.071611,VMware_eb:a7:b9,Broadcast,ARP,60,Who has 192.168.159.2? Tell 192.168.159.150,TRUE
317,84.100815,VMware_1b:ea:01,Broadcast,ARP,60,Who has 192.168.159.2? Tell 192.168.159.152,FALSE
318,84.300093,192.168.159.152,192.168.159.151,DNS,81,Standard query response 0x7f59 Server failure A 3.ubuntu.pool.ntp.org,FALSE
319,84.30013,192.168.159.152,192.168.159.151,DNS,81,Standard query response 0xbc7f Server failure AAAA 3.ubuntu.pool.ntp.org,FALSE
320,84.300309,192.168.159.151,192.168.159.152,DNS,91,Standard query 0x3cf0 A 3.ubuntu.pool.ntp.org.mydns.com,FALSE
321,84.300381,192.168.159.151,192.168.159.152,DNS,91,Standard query 0xb36a AAAA 3.ubuntu.pool.ntp.org.mydns.com,FALSE
322,84.300841,192.168.159.152,192.168.159.151,DNS,139,Standard query response 0x3cf0 No such name A 3.ubuntu.pool.ntp.org.mydns.com SOA ubuntu.mydns.com,FALSE
323,84.300862,192.168.159.152,192.168.159.151,DNS,139,Standard query response 0xb36a No such name AAAA 3.ubuntu.pool.ntp.org.mydns.com SOA ubuntu.mydns.com,FALSE
324,84.301265,192.168.159.151,192.168.159.152,DNS,81,Standard query 0x1111 A 2.ubuntu.pool.ntp.org,FALSE
325,84.301477,192.168.159.151,192.168.159.152,DNS,81,Standard query 0x25c1 AAAA 2.ubuntu.pool.ntp.org,FALSE
326,85.088032,VMware_eb:a7:b9,Broadcast,ARP,60,Who has 192.168.159.2? Tell 192.168.159.150,TRUE
327,85.099744,VMware_1b:ea:01,Broadcast,ARP,60,Who has 192.168.159.2? Tell 192.168.159.152,FALSE
328,86.099674,VMware_1b:ea:01,Broadcast,ARP,60,Who has 192.168.159.2? Tell 192.168.159.152,FALSE
329,86.11216,VMware_eb:a7:b9,Broadcast,ARP,60,Who has 192.168.159.2? Tell 192.168.159.150,TRUE
330,87.702157,VMware_1b:ea:01,Broadcast,ARP,60,Who has 192.168.159.2? Tell 192.168.159.152,FALSE
331,88.699645,VMware_1b:ea:01,Broadcast,ARP,60,Who has 192.168.159.2? Tell 192.168.159.152,FALSE
332,89.077159,VMware_eb:a7:b9,Broadcast,ARP,60,Who has 192.168.159.2? Tell 192.168.159.150,TRUE
333,89.306302,192.168.159.151,192.168.159.152,DNS,81,Standard query 0x1111 A 2.ubuntu.pool.ntp.org,FALSE
334,89.306547,192.168.159.151,192.168.159.152,DNS,81,Standard query 0x25c1 AAAA 2.ubuntu.pool.ntp.org,FALSE
335,89.699554,VMware_1b:ea:01,Broadcast,ARP,60,Who has 192.168.159.2? Tell 192.168.159.152,FALSE
336,90.080064,VMware_eb:a7:b9,Broadcast,ARP,60,Who has 192.168.159.2? Tell 192.168.159.150,TRUE
337,91.102531,VMware_1b:ea:01,Broadcast,ARP,60,Who has 192.168.159.2? Tell 192.168.159.152,FALSE
338,91.104143,VMware_eb:a7:b9,Broadcast,ARP,60,Who has 192.168.159.2? Tell 192.168.159.150,TRUE
339,92.099592,VMware_1b:ea:01,Broadcast,ARP,60,Who has 192.168.159.2? Tell 192.168.159.152,FALSE
340,93.099655,VMware_1b:ea:01,Broadcast,ARP,60,Who has 192.168.159.2? Tell 192.168.159.152,FALSE
341,94.082435,VMware_eb:a7:b9,Broadcast,ARP,60,Who has 192.168.159.2? Tell 192.168.159.150,TRUE
342,94.301976,192.168.159.152,192.168.159.151,DNS,81,Standard query response 0x1111 Server failure A 2.ubuntu.pool.ntp.org,FALSE
343,94.302014,192.168.159.152,192.168.159.151,DNS,81,Standard query response 0x25c1 Server failure AAAA 2.ubuntu.pool.ntp.org,FALSE
344,94.302163,192.168.159.151,192.168.159.152,DNS,91,Standard query 0xb812 A 2.ubuntu.pool.ntp.org.mydns.com,FALSE
345,94.30232,192.168.159.151,192.168.159.152,DNS,91,Standard query 0x4c69 AAAA 2.ubuntu.pool.ntp.org.mydns.com,FALSE
346,94.30262,192.168.159.152,192.168.159.151,DNS,139,Standard query response 0x4c69 No such name AAAA 2.ubuntu.pool.ntp.org.mydns.com SOA ubuntu.mydns.com,FALSE
347,94.302637,192.168.159.152,192.168.159.151,DNS,139,Standard query response 0xb812 No such name A 2.ubuntu.pool.ntp.org.mydns.com SOA ubuntu.mydns.com,FALSE
348,94.302826,192.168.159.151,192.168.159.152,DNS,81,Standard query 0xb24b A 0.ubuntu.pool.ntp.org,FALSE
349,94.302946,192.168.159.151,192.168.159.152,DNS,81,Standard query 0x9532 AAAA 0.ubuntu.pool.ntp.org,FALSE
350,94.303507,VMware_1b:ea:01,Broadcast,ARP,60,Who has 192.168.159.2? Tell 192.168.159.152,FALSE
351,95.1041,VMware_eb:a7:b9,Broadcast,ARP,60,Who has 192.168.159.2? Tell 192.168.159.150,TRUE
352,95.299631,VMware_1b:ea:01,Broadcast,ARP,60,Who has 192.168.159.2? Tell 192.168.159.152,FALSE
353,96.128154,VMware_eb:a7:b9,Broadcast,ARP,60,Who has 192.168.159.2? Tell 192.168.159.150,TRUE
354,96.220309,VMware_eb:a7:b9,VMware_1b:ea:01,ARP,60,192.168.159.153 is at 00:0c:29:eb:a7:b9,TRUE
355,96.299579,VMware_1b:ea:01,Broadcast,ARP,60,Who has 192.168.159.2? Tell 192.168.159.152,FALSE
356,97.703928,VMware_1b:ea:01,Broadcast,ARP,60,Who has 192.168.159.2? Tell 192.168.159.152,FALSE
357,98.220548,VMware_eb:a7:b9,VMware_1b:ea:01,ARP,60,192.168.159.153 is at 00:0c:29:eb:a7:b9,TRUE
358,98.703714,VMware_1b:ea:01,Broadcast,ARP,60,Who has 192.168.159.2? Tell 192.168.159.152,FALSE
359,99.087651,VMware_eb:a7:b9,Broadcast,ARP,60,Who has 192.168.159.2? Tell 192.168.159.150,TRUE
360,99.305219,192.168.159.151,192.168.159.152,DNS,81,Standard query 0xb24b A 0.ubuntu.pool.ntp.org,FALSE
361,99.305394,192.168.159.151,192.168.159.152,DNS,81,Standard query 0x9532 AAAA 0.ubuntu.pool.ntp.org,FALSE
362,99.468108,VMware_eb:a7:b9,VMware_34:25:0e,ARP,60,192.168.159.152 is at 00:0c:29:eb:a7:b9,TRUE
363,99.703722,VMware_1b:ea:01,Broadcast,ARP,60,Who has 192.168.159.2? Tell 192.168.159.152,FALSE
364,100.096058,VMware_eb:a7:b9,Broadcast,ARP,60,Who has 192.168.159.2? Tell 192.168.159.150,TRUE
365,100.220851,VMware_eb:a7:b9,VMware_1b:ea:01,ARP,60,192.168.159.153 is at 00:0c:29:eb:a7:b9,TRUE
366,101.104203,VMware_1b:ea:01,Broadcast,ARP,60,Who has 192.168.159.2? Tell 192.168.159.152,FALSE
367,101.119961,VMware_eb:a7:b9,Broadcast,ARP,60,Who has 192.168.159.2? Tell 192.168.159.150,TRUE
368,101.468264,VMware_eb:a7:b9,VMware_34:25:0e,ARP,60,192.168.159.152 is at 00:0c:29:eb:a7:b9,TRUE
369,102.103651,VMware_1b:ea:01,Broadcast,ARP,60,Who has 192.168.159.2? Tell 192.168.159.152,FALSE
370,102.221048,VMware_eb:a7:b9,VMware_1b:ea:01,ARP,60,192.168.159.153 is at 00:0c:29:eb:a7:b9,TRUE
371,103.10359,VMware_1b:ea:01,Broadcast,ARP,60,Who has 192.168.159.2? Tell 192.168.159.152,FALSE
372,103.468535,VMware_eb:a7:b9,VMware_34:25:0e,ARP,60,192.168.159.152 is at 00:0c:29:eb:a7:b9,TRUE
373,104.09294,VMware_eb:a7:b9,Broadcast,ARP,60,Who has 192.168.159.2? Tell 192.168.159.150,TRUE
374,104.221245,VMware_eb:a7:b9,VMware_1b:ea:01,ARP,60,192.168.159.153 is at 00:0c:29:eb:a7:b9,TRUE
375,104.30338,192.168.159.152,192.168.159.151,DNS,81,Standard query response 0x9532 Server failure AAAA 0.ubuntu.pool.ntp.org,FALSE
376,104.30342,192.168.159.152,192.168.159.151,DNS,81,Standard query response 0xb24b Server failure A 0.ubuntu.pool.ntp.org,FALSE
377,104.303514,192.168.159.151,192.168.159.152,DNS,91,Standard query 0x7377 A 0.ubuntu.pool.ntp.org.mydns.com,FALSE
378,104.303635,192.168.159.151,192.168.159.152,DNS,91,Standard query 0xffc1 AAAA 0.ubuntu.pool.ntp.org.mydns.com,FALSE
379,104.303927,192.168.159.152,192.168.159.151,DNS,139,Standard query response 0xffc1 No such name AAAA 0.ubuntu.pool.ntp.org.mydns.com SOA ubuntu.mydns.com,FALSE
380,104.303936,192.168.159.152,192.168.159.151,DNS,139,Standard query response 0x7377 No such name A 0.ubuntu.pool.ntp.org.mydns.com SOA ubuntu.mydns.com,FALSE
381,105.120124,VMware_eb:a7:b9,Broadcast,ARP,60,Who has 192.168.159.2? Tell 192.168.159.150,TRUE
382,105.468929,VMware_eb:a7:b9,VMware_34:25:0e,ARP,60,192.168.159.152 is at 00:0c:29:eb:a7:b9,TRUE
383,106.144033,VMware_eb:a7:b9,Broadcast,ARP,60,Who has 192.168.159.2? Tell 192.168.159.150,TRUE
384,106.221492,VMware_eb:a7:b9,VMware_1b:ea:01,ARP,60,192.168.159.153 is at 00:0c:29:eb:a7:b9,TRUE
385,107.469054,VMware_eb:a7:b9,VMware_34:25:0e,ARP,60,192.168.159.152 is at 00:0c:29:eb:a7:b9,TRUE
386,108.221754,VMware_eb:a7:b9,VMware_1b:ea:01,ARP,60,192.168.159.153 is at 00:0c:29:eb:a7:b9,TRUE
387,109.09833,VMware_eb:a7:b9,Broadcast,ARP,60,Who has 192.168.159.2? Tell 192.168.159.150,TRUE
388,109.303577,VMware_1b:ea:01,VMware_64:d8:25,ARP,60,Who has 192.168.159.151? Tell 192.168.159.152,FALSE
389,109.303593,VMware_64:d8:25,VMware_1b:ea:01,ARP,42,192.168.159.151 is at 00:0c:29:64:d8:25,FALSE
390,109.397211,VMware_64:d8:25,VMware_1b:ea:01,ARP,42,Who has 192.168.159.152? Tell 192.168.159.151,FALSE
391,109.397678,VMware_1b:ea:01,VMware_64:d8:25,ARP,60,192.168.159.152 is at 00:0c:29:1b:ea:01,FALSE
392,109.469421,VMware_eb:a7:b9,VMware_34:25:0e,ARP,60,192.168.159.152 is at 00:0c:29:eb:a7:b9,TRUE
393,110.11238,VMware_eb:a7:b9,Broadcast,ARP,60,Who has 192.168.159.2? Tell 192.168.159.150,TRUE
394,110.222059,VMware_eb:a7:b9,VMware_1b:ea:01,ARP,60,192.168.159.153 is at 00:0c:29:eb:a7:b9,TRUE
395,111.136088,VMware_eb:a7:b9,Broadcast,ARP,60,Who has 192.168.159.2? Tell 192.168.159.150,TRUE
396,111.469844,VMware_eb:a7:b9,VMware_34:25:0e,ARP,60,192.168.159.152 is at 00:0c:29:eb:a7:b9,TRUE
397,112.222876,VMware_eb:a7:b9,VMware_1b:ea:01,ARP,60,192.168.159.153 is at 00:0c:29:eb:a7:b9,TRUE
398,112.469265,fe80::20c:29ff:fe64:d825,ff02::2,ICMPv6,70,Router Solicitation from 00:0c:29:64:d8:25,FALSE
399,113.469972,VMware_eb:a7:b9,VMware_34:25:0e,ARP,60,192.168.159.152 is at 00:0c:29:eb:a7:b9,TRUE
400,113.618062,192.168.159.151,192.168.159.152,DNS,132,Standard query 0x7cd3 PTR 5.2.8.d.4.6.e.f.f.f.9.2.c.0.2.0.0.0.0.0.0.0.0.0.0.0.0.0.0.8.e.f.ip6.arpa,FALSE
401,113.619051,192.168.159.152,192.168.159.151,DNS,181,Standard query response 0x7cd3 No such name PTR 5.2.8.d.4.6.e.f.f.f.9.2.c.0.2.0.0.0.0.0.0.0.0.0.0.0.0.0.0.8.e.f.ip6.arpa SOA 8.E.F.IP6.ARPA,FALSE
402,114.103529,VMware_eb:a7:b9,Broadcast,ARP,60,Who has 192.168.159.2? Tell 192.168.159.150,TRUE
403,114.222784,VMware_eb:a7:b9,VMware_1b:ea:01,ARP,60,192.168.159.153 is at 00:0c:29:eb:a7:b9,TRUE
404,115.108174,VMware_eb:a7:b9,Broadcast,ARP,60,Who has 192.168.159.2? Tell 192.168.159.150,TRUE
405,115.470185,VMware_eb:a7:b9,VMware_34:25:0e,ARP,60,192.168.159.152 is at 00:0c:29:eb:a7:b9,TRUE
406,116.128194,VMware_eb:a7:b9,Broadcast,ARP,60,Who has 192.168.159.2? Tell 192.168.159.150,TRUE
407,116.223385,VMware_eb:a7:b9,VMware_1b:ea:01,ARP,60,192.168.159.153 is at 00:0c:29:eb:a7:b9,TRUE
408,117.036385,192.168.159.153,192.168.159.152,TCP,66,"38118  >  21 [FIN, ACK] Seq=171 Ack=515 Win=29312 Len=0 TSval=1279583849 TSecr=31350",TRUE
409,117.036544,192.168.159.150,192.168.159.153,ICMP,94,Redirect             (Redirect for host),TRUE
410,117.036547,192.168.159.153,192.168.159.152,TCP,66,"[TCP Retransmission] 38118  >  21 [FIN, ACK] Seq=171 Ack=515 Win=29312 Len=0 TSval=1279583849 TSecr=31350",TRUE
411,117.036808,192.168.159.152,192.168.159.153,TCP,66,"21  >  38118 [FIN, ACK] Seq=515 Ack=172 Win=29056 Len=0 TSval=46349 TSecr=1279583849",TRUE
412,117.036947,192.168.159.150,192.168.159.152,ICMP,94,Redirect             (Redirect for host),TRUE
413,117.036951,192.168.159.152,192.168.159.153,TCP,66,"[TCP Retransmission] 21  >  38118 [FIN, ACK] Seq=515 Ack=172 Win=29056 Len=0 TSval=46349 TSecr=1279583849",TRUE
414,117.03702,192.168.159.153,192.168.159.152,TCP,66,38118  >  21 [ACK] Seq=172 Ack=516 Win=29312 Len=0 TSval=1279583850 TSecr=46349,TRUE
415,117.037149,192.168.159.153,192.168.159.152,TCP,66,[TCP Dup ACK 414#1] 38118  >  21 [ACK] Seq=172 Ack=516 Win=29312 Len=0 TSval=1279583850 TSecr=46349,TRUE
416,117.470494,VMware_eb:a7:b9,VMware_34:25:0e,ARP,60,192.168.159.152 is at 00:0c:29:eb:a7:b9,TRUE
417,118.223395,VMware_eb:a7:b9,VMware_1b:ea:01,ARP,60,192.168.159.153 is at 00:0c:29:eb:a7:b9,TRUE
418,118.29648,192.168.159.151,192.168.159.152,DNS,74,Standard query 0xc8d0 A ntp.ubuntu.com,FALSE
419,118.296693,192.168.159.151,192.168.159.152,DNS,74,Standard query 0x57ec AAAA ntp.ubuntu.com,FALSE
420,118.297407,VMware_1b:ea:01,Broadcast,ARP,60,Who has 192.168.159.2? Tell 192.168.159.152,FALSE
421,119.109042,VMware_eb:a7:b9,Broadcast,ARP,60,Who has 192.168.159.2? Tell 192.168.159.150,TRUE
422,119.295769,VMware_1b:ea:01,Broadcast,ARP,60,Who has 192.168.159.2? Tell 192.168.159.152,FALSE
423,119.471145,VMware_eb:a7:b9,VMware_34:25:0e,ARP,60,192.168.159.152 is at 00:0c:29:eb:a7:b9,TRUE
424,120.128065,VMware_eb:a7:b9,Broadcast,ARP,60,Who has 192.168.159.2? Tell 192.168.159.150,TRUE
425,120.223847,VMware_eb:a7:b9,VMware_1b:ea:01,ARP,60,192.168.159.153 is at 00:0c:29:eb:a7:b9,TRUE
426,120.295611,VMware_1b:ea:01,Broadcast,ARP,60,Who has 192.168.159.2? Tell 192.168.159.152,FALSE
427,121.152024,VMware_eb:a7:b9,Broadcast,ARP,60,Who has 192.168.159.2? Tell 192.168.159.150,TRUE
428,121.471207,VMware_eb:a7:b9,VMware_34:25:0e,ARP,60,192.168.159.152 is at 00:0c:29:eb:a7:b9,TRUE
429,121.697643,VMware_1b:ea:01,Broadcast,ARP,60,Who has 192.168.159.2? Tell 192.168.159.152,FALSE
430,122.129962,192.168.159.153,192.168.159.152,TCP,74,"38124  >  21 [SYN, ECE, CWR] Seq=0 Win=29200 Len=0 MSS=1460 SACK_PERM TSval=1279588942 TSecr=0 WS=128",FALSE
431,122.13015,192.168.159.152,192.168.159.153,TCP,74,"21  >  38124 [SYN, ACK, ECE] Seq=0 Ack=1 Win=28960 Len=0 MSS=1460 SACK_PERM TSval=47622 TSecr=1279588942 WS=128",TRUE
432,122.130369,192.168.159.150,192.168.159.152,ICMP,102,Redirect             (Redirect for host),TRUE
433,122.130375,192.168.159.152,192.168.159.153,TCP,74,"[TCP Retransmission] 21  >  38124 [SYN, ACK, ECE] Seq=0 Ack=1 Win=28960 Len=0 MSS=1460 SACK_PERM TSval=47622 TSecr=1279588942 WS=128",TRUE
434,122.1305,192.168.159.153,192.168.159.152,TCP,66,38124  >  21 [ACK] Seq=1 Ack=1 Win=29312 Len=0 TSval=1279588943 TSecr=47622,FALSE
435,122.133473,192.168.159.152,192.168.159.153,FTP,86,Response: 220 (vsFTPd 3.0.2),TRUE
436,122.133652,192.168.159.152,192.168.159.153,TCP,86,"[TCP Retransmission] 21  >  38124 [PSH, ACK] Seq=1 Ack=1 Win=29056 Len=20 TSval=47623 TSecr=1279588943",TRUE
437,122.133856,192.168.159.153,192.168.159.152,TCP,66,38124  >  21 [ACK] Seq=1 Ack=21 Win=29312 Len=0 TSval=1279588946 TSecr=47623,FALSE
438,122.133994,192.168.159.153,192.168.159.152,FTP,76,Request: AUTH TLS,FALSE
439,122.134069,192.168.159.152,192.168.159.153,TCP,66,21  >  38124 [ACK] Seq=21 Ack=11 Win=29056 Len=0 TSval=47623 TSecr=1279588947,TRUE
440,122.13414,192.168.159.152,192.168.159.153,FTP,104,Response: 530 Please login with USER and PASS.,TRUE
441,122.134142,192.168.159.152,192.168.159.153,TCP,66,21  >  38124 [ACK] Seq=21 Ack=11 Win=29056 Len=0 TSval=47623 TSecr=1279588947,TRUE
442,122.134142,192.168.159.152,192.168.159.153,TCP,104,"[TCP Retransmission] 21  >  38124 [PSH, ACK] Seq=21 Ack=11 Win=29056 Len=38 TSval=47623 TSecr=1279588947",TRUE
443,122.134344,192.168.159.153,192.168.159.152,FTP,76,Request: AUTH SSL,FALSE
444,122.134475,192.168.159.152,192.168.159.153,FTP,104,Response: 530 Please login with USER and PASS.,TRUE
445,122.134564,192.168.159.152,192.168.159.153,TCP,104,"[TCP Retransmission] 21  >  38124 [PSH, ACK] Seq=59 Ack=21 Win=29056 Len=38 TSval=47623 TSecr=1279588947",TRUE
446,122.134727,192.168.159.153,192.168.159.152,FTP,79,Request: USER admin1,FALSE
447,122.135743,192.168.159.152,192.168.159.153,FTP,100,Response: 331 Please specify the password.,TRUE
448,122.135751,192.168.159.152,192.168.159.153,TCP,100,"[TCP Retransmission] 21  >  38124 [PSH, ACK] Seq=97 Ack=34 Win=29056 Len=34 TSval=47624 TSecr=1279588947",TRUE
449,122.13609,192.168.159.153,192.168.159.152,FTP,78,Request: PASS admin,FALSE
450,122.1662,192.168.159.152,192.168.159.153,FTP,89,Response: 230 Login successful.,TRUE
451,122.166308,192.168.159.152,192.168.159.153,TCP,89,"[TCP Retransmission] 21  >  38124 [PSH, ACK] Seq=131 Ack=46 Win=29056 Len=23 TSval=47631 TSecr=1279588949",TRUE
452,122.166596,192.168.159.153,192.168.159.152,FTP,80,Request: OPTS UTF8 ON,FALSE
453,122.16674,192.168.159.152,192.168.159.153,FTP,92,Response: 200 Always in UTF8 mode.,TRUE
454,122.166812,192.168.159.152,192.168.159.153,TCP,92,"[TCP Retransmission] 21  >  38124 [PSH, ACK] Seq=154 Ack=60 Win=29056 Len=26 TSval=47631 TSecr=1279588979",TRUE
455,122.167344,192.168.159.153,192.168.159.152,FTP,71,Request: PWD,FALSE
456,122.167571,192.168.159.152,192.168.159.153,FTP,86,"Response: 257 ""/home/admin1""",TRUE
457,122.16767,192.168.159.152,192.168.159.153,TCP,86,"[TCP Retransmission] 21  >  38124 [PSH, ACK] Seq=180 Ack=65 Win=29056 Len=20 TSval=47632 TSecr=1279588980",TRUE
458,122.210411,192.168.159.153,192.168.159.152,TCP,66,38124  >  21 [ACK] Seq=65 Ack=200 Win=29312 Len=0 TSval=1279589023 TSecr=47632,FALSE
459,122.224091,VMware_eb:a7:b9,VMware_1b:ea:01,ARP,60,192.168.159.153 is at 00:0c:29:eb:a7:b9,TRUE
460,122.272029,VMware_eb:a7:b9,VMware_1b:ea:01,ARP,60,Who has 192.168.159.152? Tell 192.168.159.150,TRUE
461,122.272046,VMware_eb:a7:b9,VMware_34:25:0e,ARP,60,Who has 192.168.159.153? Tell 192.168.159.150,TRUE
462,122.272048,VMware_1b:ea:01,VMware_eb:a7:b9,ARP,60,192.168.159.152 is at 00:0c:29:1b:ea:01,TRUE
463,122.272144,VMware_34:25:0e,VMware_eb:a7:b9,ARP,60,192.168.159.153 is at 00:0c:29:34:25:0e,TRUE
464,122.695902,VMware_1b:ea:01,Broadcast,ARP,60,Who has 192.168.159.2? Tell 192.168.159.152,FALSE
465,123.301142,192.168.159.151,192.168.159.152,DNS,74,Standard query 0xc8d0 A ntp.ubuntu.com,FALSE
466,123.301327,192.168.159.151,192.168.159.152,DNS,74,Standard query 0x57ec AAAA ntp.ubuntu.com,FALSE
467,123.471484,VMware_eb:a7:b9,VMware_34:25:0e,ARP,60,192.168.159.152 is at 00:0c:29:eb:a7:b9,TRUE
468,123.695583,VMware_1b:ea:01,Broadcast,ARP,60,Who has 192.168.159.2? Tell 192.168.159.152,FALSE
469,124.114206,VMware_eb:a7:b9,Broadcast,ARP,60,Who has 192.168.159.2? Tell 192.168.159.150,TRUE
470,124.224335,VMware_eb:a7:b9,VMware_1b:ea:01,ARP,60,192.168.159.153 is at 00:0c:29:eb:a7:b9,TRUE
471,125.097759,VMware_1b:ea:01,Broadcast,ARP,60,Who has 192.168.159.2? Tell 192.168.159.152,FALSE
472,125.12005,VMware_eb:a7:b9,Broadcast,ARP,60,Who has 192.168.159.2? Tell 192.168.159.150,TRUE
473,125.471789,VMware_eb:a7:b9,VMware_34:25:0e,ARP,60,192.168.159.152 is at 00:0c:29:eb:a7:b9,TRUE
474,126.095786,VMware_1b:ea:01,Broadcast,ARP,60,Who has 192.168.159.2? Tell 192.168.159.152,FALSE
475,126.144006,VMware_eb:a7:b9,Broadcast,ARP,60,Who has 192.168.159.2? Tell 192.168.159.150,TRUE
476,126.22457,VMware_eb:a7:b9,VMware_1b:ea:01,ARP,60,192.168.159.153 is at 00:0c:29:eb:a7:b9,TRUE
477,127.095636,VMware_1b:ea:01,Broadcast,ARP,60,Who has 192.168.159.2? Tell 192.168.159.152,FALSE
478,127.472143,VMware_eb:a7:b9,VMware_34:25:0e,ARP,60,192.168.159.152 is at 00:0c:29:eb:a7:b9,TRUE
479,128.224886,VMware_eb:a7:b9,VMware_1b:ea:01,ARP,60,192.168.159.153 is at 00:0c:29:eb:a7:b9,TRUE
480,128.29732,192.168.159.152,192.168.159.151,DNS,74,Standard query response 0x57ec Server failure AAAA ntp.ubuntu.com,FALSE
481,128.297354,192.168.159.152,192.168.159.151,DNS,74,Standard query response 0xc8d0 Server failure A ntp.ubuntu.com,FALSE
482,128.297469,192.168.159.151,192.168.159.152,DNS,84,Standard query 0x1a5d A ntp.ubuntu.com.mydns.com,FALSE
483,128.297605,192.168.159.151,192.168.159.152,DNS,84,Standard query 0xbbdb AAAA ntp.ubuntu.com.mydns.com,FALSE
484,128.29792,192.168.159.152,192.168.159.151,DNS,132,Standard query response 0x1a5d No such name A ntp.ubuntu.com.mydns.com SOA ubuntu.mydns.com,FALSE
485,128.297938,192.168.159.152,192.168.159.151,DNS,132,Standard query response 0xbbdb No such name AAAA ntp.ubuntu.com.mydns.com SOA ubuntu.mydns.com,FALSE
486,128.298167,192.168.159.151,192.168.159.152,DNS,81,Standard query 0x9167 A 1.ubuntu.pool.ntp.org,FALSE
487,128.298328,192.168.159.151,192.168.159.152,DNS,81,Standard query 0x6ef9 AAAA 1.ubuntu.pool.ntp.org,FALSE
488,128.298968,VMware_1b:ea:01,Broadcast,ARP,60,Who has 192.168.159.2? Tell 192.168.159.152,FALSE
489,129.119736,VMware_eb:a7:b9,Broadcast,ARP,60,Who has 192.168.159.2? Tell 192.168.159.150,TRUE
490,129.295572,VMware_1b:ea:01,Broadcast,ARP,60,Who has 192.168.159.2? Tell 192.168.159.152,FALSE
491,129.472358,VMware_eb:a7:b9,VMware_34:25:0e,ARP,60,192.168.159.152 is at 00:0c:29:eb:a7:b9,TRUE
492,130.143957,VMware_eb:a7:b9,Broadcast,ARP,60,Who has 192.168.159.2? Tell 192.168.159.150,TRUE
493,130.225133,VMware_eb:a7:b9,VMware_1b:ea:01,ARP,60,192.168.159.153 is at 00:0c:29:eb:a7:b9,TRUE
494,130.295634,VMware_1b:ea:01,Broadcast,ARP,60,Who has 192.168.159.2? Tell 192.168.159.152,FALSE
495,131.167972,VMware_eb:a7:b9,Broadcast,ARP,60,Who has 192.168.159.2? Tell 192.168.159.150,TRUE
496,131.472712,VMware_eb:a7:b9,VMware_34:25:0e,ARP,60,192.168.159.152 is at 00:0c:29:eb:a7:b9,TRUE
497,131.699313,VMware_1b:ea:01,Broadcast,ARP,60,Who has 192.168.159.2? Tell 192.168.159.152,FALSE
498,132.22536,VMware_eb:a7:b9,VMware_1b:ea:01,ARP,60,192.168.159.153 is at 00:0c:29:eb:a7:b9,TRUE
499,132.695767,VMware_1b:ea:01,Broadcast,ARP,60,Who has 192.168.159.2? Tell 192.168.159.152,FALSE
500,133.298597,192.168.159.151,192.168.159.152,DNS,81,Standard query 0x9167 A 1.ubuntu.pool.ntp.org,FALSE
501,133.298738,192.168.159.151,192.168.159.152,DNS,81,Standard query 0x6ef9 AAAA 1.ubuntu.pool.ntp.org,FALSE
502,133.472994,VMware_eb:a7:b9,VMware_34:25:0e,ARP,60,192.168.159.152 is at 00:0c:29:eb:a7:b9,TRUE
503,133.695631,VMware_1b:ea:01,Broadcast,ARP,60,Who has 192.168.159.2? Tell 192.168.159.152,FALSE
504,134.124936,VMware_eb:a7:b9,Broadcast,ARP,60,Who has 192.168.159.2? Tell 192.168.159.150,TRUE
505,134.225765,VMware_eb:a7:b9,VMware_1b:ea:01,ARP,60,192.168.159.153 is at 00:0c:29:eb:a7:b9,TRUE
506,135.099608,VMware_1b:ea:01,Broadcast,ARP,60,Who has 192.168.159.2? Tell 192.168.159.152,FALSE
507,135.136074,VMware_eb:a7:b9,Broadcast,ARP,60,Who has 192.168.159.2? Tell 192.168.159.150,TRUE
508,135.473175,VMware_eb:a7:b9,VMware_34:25:0e,ARP,60,192.168.159.152 is at 00:0c:29:eb:a7:b9,TRUE
509,136.095583,VMware_1b:ea:01,Broadcast,ARP,60,Who has 192.168.159.2? Tell 192.168.159.152,FALSE
510,136.159987,VMware_eb:a7:b9,Broadcast,ARP,60,Who has 192.168.159.2? Tell 192.168.159.150,TRUE
511,136.225939,VMware_eb:a7:b9,VMware_1b:ea:01,ARP,60,192.168.159.153 is at 00:0c:29:eb:a7:b9,TRUE
512,137.095633,VMware_1b:ea:01,Broadcast,ARP,60,Who has 192.168.159.2? Tell 192.168.159.152,FALSE
513,137.473355,VMware_eb:a7:b9,VMware_34:25:0e,ARP,60,192.168.159.152 is at 00:0c:29:eb:a7:b9,TRUE
514,138.226157,VMware_eb:a7:b9,VMware_1b:ea:01,ARP,60,192.168.159.153 is at 00:0c:29:eb:a7:b9,TRUE
515,138.298928,192.168.159.152,192.168.159.151,DNS,81,Standard query response 0x9167 Server failure A 1.ubuntu.pool.ntp.org,FALSE
516,138.298963,192.168.159.152,192.168.159.151,DNS,81,Standard query response 0x6ef9 Server failure AAAA 1.ubuntu.pool.ntp.org,FALSE
517,138.299068,192.168.159.151,192.168.159.152,DNS,91,Standard query 0x5a14 A 1.ubuntu.pool.ntp.org.mydns.com,FALSE
518,138.299235,192.168.159.151,192.168.159.152,DNS,91,Standard query 0x5937 AAAA 1.ubuntu.pool.ntp.org.mydns.com,FALSE
519,138.299503,192.168.159.152,192.168.159.151,DNS,139,Standard query response 0x5937 No such name AAAA 1.ubuntu.pool.ntp.org.mydns.com SOA ubuntu.mydns.com,FALSE
520,138.299515,192.168.159.152,192.168.159.151,DNS,139,Standard query response 0x5a14 No such name A 1.ubuntu.pool.ntp.org.mydns.com SOA ubuntu.mydns.com,FALSE
521,138.299721,192.168.159.151,192.168.159.152,DNS,81,Standard query 0x4a43 A 3.ubuntu.pool.ntp.org,FALSE
522,138.299875,192.168.159.151,192.168.159.152,DNS,81,Standard query 0xd554 AAAA 3.ubuntu.pool.ntp.org,FALSE
523,138.300304,VMware_1b:ea:01,Broadcast,ARP,60,Who has 192.168.159.2? Tell 192.168.159.152,FALSE
524,139.130169,VMware_eb:a7:b9,Broadcast,ARP,60,Who has 192.168.159.2? Tell 192.168.159.150,TRUE
525,139.2997,VMware_1b:ea:01,Broadcast,ARP,60,Who has 192.168.159.2? Tell 192.168.159.152,FALSE
526,139.473633,VMware_eb:a7:b9,VMware_34:25:0e,ARP,60,192.168.159.152 is at 00:0c:29:eb:a7:b9,TRUE
527,140.159982,VMware_eb:a7:b9,Broadcast,ARP,60,Who has 192.168.159.2? Tell 192.168.159.150,TRUE
528,140.226517,VMware_eb:a7:b9,VMware_1b:ea:01,ARP,60,192.168.159.153 is at 00:0c:29:eb:a7:b9,TRUE
529,140.299627,VMware_1b:ea:01,Broadcast,ARP,60,Who has 192.168.159.2? Tell 192.168.159.152,FALSE
530,140.367615,192.168.159.153,192.168.159.152,TCP,74,"38128  >  21 [SYN, ECE, CWR] Seq=0 Win=29200 Len=0 MSS=1460 SACK_PERM TSval=1279607180 TSecr=0 WS=128",TRUE
531,140.367915,192.168.159.150,192.168.159.153,ICMP,102,Redirect             (Redirect for host),TRUE
532,140.367926,192.168.159.153,192.168.159.152,TCP,74,"[TCP Retransmission] 38128  >  21 [SYN, ECE, CWR] Seq=0 Win=29200 Len=0 MSS=1460 SACK_PERM TSval=1279607180 TSecr=0 WS=128",TRUE
533,140.368169,192.168.159.152,192.168.159.153,TCP,74,"21  >  38128 [SYN, ACK, ECE] Seq=0 Ack=1 Win=28960 Len=0 MSS=1460 SACK_PERM TSval=52182 TSecr=1279607180 WS=128",TRUE
534,140.368291,192.168.159.150,192.168.159.152,ICMP,102,Redirect             (Redirect for host),TRUE
535,140.368295,192.168.159.152,192.168.159.153,TCP,74,"[TCP Retransmission] 21  >  38128 [SYN, ACK, ECE] Seq=0 Ack=1 Win=28960 Len=0 MSS=1460 SACK_PERM TSval=52182 TSecr=1279607180 WS=128",TRUE
536,140.368535,192.168.159.153,192.168.159.152,TCP,66,38128  >  21 [ACK] Seq=1 Ack=1 Win=29312 Len=0 TSval=1279607181 TSecr=52182,TRUE
537,140.368538,192.168.159.153,192.168.159.152,TCP,66,[TCP Dup ACK 536#1] 38128  >  21 [ACK] Seq=1 Ack=1 Win=29312 Len=0 TSval=1279607181 TSecr=52182,TRUE
538,140.371149,192.168.159.152,192.168.159.153,FTP,86,Response: 220 (vsFTPd 3.0.2),TRUE
539,140.37116,192.168.159.152,192.168.159.153,TCP,86,"[TCP Retransmission] 21  >  38128 [PSH, ACK] Seq=1 Ack=1 Win=29056 Len=20 TSval=52182 TSecr=1279607181",TRUE
540,140.371361,192.168.159.153,192.168.159.152,TCP,66,38128  >  21 [ACK] Seq=1 Ack=21 Win=29312 Len=0 TSval=1279607184 TSecr=52182,TRUE
541,140.371461,192.168.159.153,192.168.159.152,TCP,66,[TCP Dup ACK 540#1] 38128  >  21 [ACK] Seq=1 Ack=21 Win=29312 Len=0 TSval=1279607184 TSecr=52182,TRUE
542,140.371463,192.168.159.153,192.168.159.152,FTP,76,Request: AUTH TLS,TRUE
543,140.371545,192.168.159.153,192.168.159.152,TCP,76,"[TCP Retransmission] 38128  >  21 [PSH, ACK] Seq=1 Ack=21 Win=29312 Len=10 TSval=1279607184 TSecr=52182",TRUE
544,140.371683,192.168.159.152,192.168.159.153,TCP,66,21  >  38128 [ACK] Seq=21 Ack=11 Win=29056 Len=0 TSval=52183 TSecr=1279607184,TRUE
545,140.371788,192.168.159.152,192.168.159.153,TCP,66,[TCP Dup ACK 544#1] 21  >  38128 [ACK] Seq=21 Ack=11 Win=29056 Len=0 TSval=52183 TSecr=1279607184,TRUE
546,140.372155,192.168.159.152,192.168.159.153,FTP,104,Response: 530 Please login with USER and PASS.,TRUE
547,140.372159,192.168.159.152,192.168.159.153,TCP,104,"[TCP Retransmission] 21  >  38128 [PSH, ACK] Seq=21 Ack=11 Win=29056 Len=38 TSval=52183 TSecr=1279607184",TRUE
548,140.372453,192.168.159.153,192.168.159.152,FTP,76,Request: AUTH SSL,TRUE
549,140.372457,192.168.159.153,192.168.159.152,TCP,76,"[TCP Retransmission] 38128  >  21 [PSH, ACK] Seq=11 Ack=59 Win=29312 Len=10 TSval=1279607185 TSecr=52183",TRUE
550,140.37271,192.168.159.152,192.168.159.153,FTP,104,Response: 530 Please login with USER and PASS.,TRUE
551,140.372713,192.168.159.152,192.168.159.153,TCP,104,"[TCP Retransmission] 21  >  38128 [PSH, ACK] Seq=59 Ack=21 Win=29056 Len=38 TSval=52183 TSecr=1279607185",TRUE
552,140.372991,192.168.159.153,192.168.159.152,FTP,79,Request: USER admin1,TRUE
553,140.372995,192.168.159.153,192.168.159.152,TCP,79,"[TCP Retransmission] 38128  >  21 [PSH, ACK] Seq=21 Ack=97 Win=29312 Len=13 TSval=1279607186 TSecr=52183",TRUE
554,140.373354,192.168.159.152,192.168.159.153,FTP,100,Response: 331 Please specify the password.,TRUE
555,140.37343,192.168.159.152,192.168.159.153,TCP,100,"[TCP Retransmission] 21  >  38128 [PSH, ACK] Seq=97 Ack=34 Win=29056 Len=34 TSval=52183 TSecr=1279607186",TRUE
556,140.37363,192.168.159.153,192.168.159.152,FTP,78,Request: PASS admin,TRUE
557,140.373634,192.168.159.153,192.168.159.152,TCP,78,"[TCP Retransmission] 38128  >  21 [PSH, ACK] Seq=34 Ack=131 Win=29312 Len=12 TSval=1279607186 TSecr=52183",TRUE
558,140.409296,192.168.159.152,192.168.159.153,FTP,89,Response: 230 Login successful.,TRUE
559,140.409496,192.168.159.152,192.168.159.153,TCP,89,"[TCP Retransmission] 21  >  38128 [PSH, ACK] Seq=131 Ack=46 Win=29056 Len=23 TSval=52192 TSecr=1279607186",TRUE
560,140.409941,192.168.159.153,192.168.159.152,FTP,80,Request: OPTS UTF8 ON,TRUE
561,140.4101,192.168.159.150,192.168.159.153,ICMP,108,Redirect             (Redirect for host),TRUE
562,140.410146,192.168.159.153,192.168.159.152,TCP,80,"[TCP Retransmission] 38128  >  21 [PSH, ACK] Seq=46 Ack=154 Win=29312 Len=14 TSval=1279607222 TSecr=52192",TRUE
563,140.410364,192.168.159.152,192.168.159.153,FTP,92,Response: 200 Always in UTF8 mode.,TRUE
564,140.410477,192.168.159.152,192.168.159.153,TCP,92,"[TCP Retransmission] 21  >  38128 [PSH, ACK] Seq=154 Ack=60 Win=29056 Len=26 TSval=52192 TSecr=1279607222",TRUE
565,140.411186,192.168.159.153,192.168.159.152,FTP,92,Request: CWD /home/admin1/Desktop,TRUE
566,140.41119,192.168.159.153,192.168.159.152,TCP,92,"[TCP Retransmission] 38128  >  21 [PSH, ACK] Seq=60 Ack=180 Win=29312 Len=26 TSval=1279607224 TSecr=52192",TRUE
567,140.411444,192.168.159.152,192.168.159.153,FTP,103,Response: 250 Directory successfully changed.,TRUE
568,140.411552,192.168.159.152,192.168.159.153,TCP,103,"[TCP Retransmission] 21  >  38128 [PSH, ACK] Seq=180 Ack=86 Win=29056 Len=37 TSval=52192 TSecr=1279607224",TRUE
569,140.411934,192.168.159.153,192.168.159.152,FTP,74,Request: TYPE A,TRUE
570,140.411938,192.168.159.153,192.168.159.152,TCP,74,"[TCP Retransmission] 38128  >  21 [PSH, ACK] Seq=86 Ack=217 Win=29312 Len=8 TSval=1279607224 TSecr=52192",TRUE
571,140.412044,192.168.159.152,192.168.159.153,FTP,96,Response: 200 Switching to ASCII mode.,TRUE
572,140.412154,192.168.159.152,192.168.159.153,TCP,96,"[TCP Retransmission] 21  >  38128 [PSH, ACK] Seq=217 Ack=94 Win=29056 Len=30 TSval=52193 TSecr=1279607224",TRUE
573,140.412408,192.168.159.153,192.168.159.152,FTP,72,Request: PASV,TRUE
574,140.412495,192.168.159.153,192.168.159.152,TCP,72,"[TCP Retransmission] 38128  >  21 [PSH, ACK] Seq=94 Ack=247 Win=29312 Len=6 TSval=1279607225 TSecr=52193",TRUE
575,140.413164,192.168.159.152,192.168.159.153,FTP,119,"Response: 227 Entering Passive Mode (192,168,159,152,156,74).",TRUE
576,140.413169,192.168.159.152,192.168.159.153,TCP,119,"[TCP Retransmission] 21  >  38128 [PSH, ACK] Seq=247 Ack=100 Win=29056 Len=53 TSval=52193 TSecr=1279607225",TRUE
577,140.413508,192.168.159.153,192.168.159.152,FTP,84,Request: STOR Users1.html,TRUE
578,140.413513,192.168.159.153,192.168.159.152,TCP,84,"[TCP Retransmission] 38128  >  21 [PSH, ACK] Seq=100 Ack=300 Win=29312 Len=18 TSval=1279607226 TSecr=52193",TRUE
579,140.413514,192.168.159.153,192.168.159.152,TCP,74,"55835  >  40010 [SYN, ECE, CWR] Seq=0 Win=29200 Len=0 MSS=1460 SACK_PERM TSval=1279607226 TSecr=0 WS=4",TRUE
580,140.413579,192.168.159.153,192.168.159.152,TCP,74,"[TCP Retransmission] 55835  >  40010 [SYN, ECE, CWR] Seq=0 Win=29200 Len=0 MSS=1460 SACK_PERM TSval=1279607226 TSecr=0 WS=4",TRUE
581,140.413788,192.168.159.152,192.168.159.153,TCP,74,"40010  >  55835 [SYN, ACK, ECE] Seq=0 Ack=1 Win=28960 Len=0 MSS=1460 SACK_PERM TSval=52193 TSecr=1279607226 WS=128",TRUE
582,140.41379,192.168.159.152,192.168.159.153,TCP,74,"[TCP Retransmission] 40010  >  55835 [SYN, ACK, ECE] Seq=0 Ack=1 Win=28960 Len=0 MSS=1460 SACK_PERM TSval=52193 TSecr=1279607226 WS=128",TRUE
583,140.413865,192.168.159.153,192.168.159.152,TCP,66,55835  >  40010 [ACK] Seq=1 Ack=1 Win=29200 Len=0 TSval=1279607226 TSecr=52193,TRUE
584,140.414002,192.168.159.153,192.168.159.152,FTP-DATA/XML,1514,FTP Data: 1448 bytes (PASV) (STOR Users1.html),TRUE
585,140.414029,192.168.159.153,192.168.159.152,FTP-DATA,1514,FTP Data: 1448 bytes (PASV) (STOR Users1.html),TRUE
586,140.414032,192.168.159.153,192.168.159.152,FTP-DATA,1514,FTP Data: 1448 bytes (PASV) (STOR Users1.html),TRUE
587,140.414046,192.168.159.153,192.168.159.152,FTP-DATA,1514,FTP Data: 1448 bytes (PASV) (STOR Users1.html),TRUE
588,140.414051,192.168.159.153,192.168.159.152,FTP-DATA,1514,FTP Data: 1448 bytes (PASV) (STOR Users1.html),TRUE
589,140.414053,192.168.159.153,192.168.159.152,TCP,66,55835  >  40010 [ACK] Seq=1 Ack=1 Win=29200 Len=0 TSval=1279607226 TSecr=52193,TRUE
590,140.414054,192.168.159.153,192.168.159.152,FTP-DATA,1514,FTP Data: 1448 bytes (PASV) (STOR Users1.html),TRUE
591,140.414068,192.168.159.153,192.168.159.152,FTP-DATA,1514,FTP Data: 1448 bytes (PASV) (STOR Users1.html),TRUE
592,140.414071,192.168.159.153,192.168.159.152,FTP-DATA,1198,FTP Data: 1132 bytes (PASV) (STOR Users1.html),TRUE
593,140.414084,192.168.159.153,192.168.159.152,TCP,66,"55835  >  40010 [FIN, ACK] Seq=11269 Ack=1 Win=29200 Len=0 TSval=1279607227 TSecr=52193",TRUE
594,140.414086,192.168.159.153,192.168.159.152,TCP,1514,[TCP Out-Of-Order] 55835  >  40010 [ACK] Seq=1 Ack=1 Win=29200 Len=1448 TSval=1279607227 TSecr=52193,TRUE
595,140.414088,192.168.159.153,192.168.159.152,TCP,1514,[TCP Out-Of-Order] 55835  >  40010 [ACK] Seq=1449 Ack=1 Win=29200 Len=1448 TSval=1279607227 TSecr=52193,TRUE
596,140.41409,192.168.159.153,192.168.159.152,TCP,1514,[TCP Out-Of-Order] 55835  >  40010 [ACK] Seq=2897 Ack=1 Win=29200 Len=1448 TSval=1279607227 TSecr=52193,TRUE
597,140.414105,192.168.159.153,192.168.159.152,TCP,1514,[TCP Out-Of-Order] 55835  >  40010 [ACK] Seq=4345 Ack=1 Win=29200 Len=1448 TSval=1279607227 TSecr=52193,TRUE
598,140.414107,192.168.159.153,192.168.159.152,TCP,1514,[TCP Out-Of-Order] 55835  >  40010 [ACK] Seq=5793 Ack=1 Win=29200 Len=1448 TSval=1279607227 TSecr=52193,TRUE
599,140.414121,192.168.159.153,192.168.159.152,TCP,1514,[TCP Out-Of-Order] 55835  >  40010 [ACK] Seq=7241 Ack=1 Win=29200 Len=1448 TSval=1279607227 TSecr=52193,TRUE
600,140.414124,192.168.159.153,192.168.159.152,TCP,1514,[TCP Out-Of-Order] 55835  >  40010 [ACK] Seq=8689 Ack=1 Win=29200 Len=1448 TSval=1279607227 TSecr=52193,TRUE
601,140.414127,192.168.159.153,192.168.159.152,TCP,1198,"[TCP Out-Of-Order] 55835  >  40010 [PSH, ACK] Seq=10137 Ack=1 Win=29200 Len=1132 TSval=1279607227 TSecr=52193",TRUE
602,140.41414,192.168.159.153,192.168.159.152,TCP,66,"[TCP Retransmission] 55835  >  40010 [FIN, ACK] Seq=11269 Ack=1 Win=29200 Len=0 TSval=1279607227 TSecr=52193",TRUE
603,140.414215,192.168.159.152,192.168.159.153,TCP,66,40010  >  55835 [ACK] Seq=1 Ack=11269 Win=51584 Len=0 TSval=52193 TSecr=1279607227,TRUE
604,140.414217,192.168.159.152,192.168.159.153,TCP,66,[TCP Dup ACK 603#1] 40010  >  55835 [ACK] Seq=1 Ack=11269 Win=51584 Len=0 TSval=52193 TSecr=1279607227,TRUE
605,140.41483,192.168.159.152,192.168.159.153,FTP,88,Response: 150 Ok to send data.,TRUE
606,140.414838,192.168.159.152,192.168.159.153,TCP,88,"[TCP Retransmission] 21  >  38128 [PSH, ACK] Seq=300 Ack=118 Win=29056 Len=22 TSval=52193 TSecr=1279607226",TRUE
607,140.414921,192.168.159.152,192.168.159.153,TCP,66,"40010  >  55835 [FIN, ACK] Seq=1 Ack=11270 Win=51584 Len=0 TSval=52193 TSecr=1279607227",TRUE
608,140.414923,192.168.159.152,192.168.159.153,TCP,66,"[TCP Retransmission] 40010  >  55835 [FIN, ACK] Seq=1 Ack=11270 Win=51584 Len=0 TSval=52193 TSecr=1279607227",TRUE
609,140.414992,192.168.159.153,192.168.159.152,TCP,66,55835  >  40010 [ACK] Seq=11270 Ack=2 Win=29200 Len=0 TSval=1279607228 TSecr=52193,TRUE
610,140.41511,192.168.159.153,192.168.159.152,TCP,66,[TCP Dup ACK 609#1] 55835  >  40010 [ACK] Seq=11270 Ack=2 Win=29200 Len=0 TSval=1279607228 TSecr=52193,TRUE
611,140.415323,192.168.159.152,192.168.159.153,FTP,90,Response: 226 Transfer complete.,TRUE
612,140.415398,192.168.159.152,192.168.159.153,TCP,90,"[TCP Retransmission] 21  >  38128 [PSH, ACK] Seq=322 Ack=118 Win=29056 Len=24 TSval=52193 TSecr=1279607226",TRUE
613,140.415558,192.168.159.153,192.168.159.152,TCP,66,38128  >  21 [ACK] Seq=118 Ack=346 Win=29312 Len=0 TSval=1279607228 TSecr=52193,TRUE
614,140.415674,192.168.159.153,192.168.159.152,TCP,66,[TCP Dup ACK 613#1] 38128  >  21 [ACK] Seq=118 Ack=346 Win=29312 Len=0 TSval=1279607228 TSecr=52193,TRUE
615,141.183965,VMware_eb:a7:b9,Broadcast,ARP,60,Who has 192.168.159.2? Tell 192.168.159.150,TRUE
616,141.474052,VMware_eb:a7:b9,VMware_34:25:0e,ARP,60,192.168.159.152 is at 00:0c:29:eb:a7:b9,TRUE
617,141.700647,VMware_1b:ea:01,Broadcast,ARP,60,Who has 192.168.159.2? Tell 192.168.159.152,FALSE
618,142.226861,VMware_eb:a7:b9,VMware_1b:ea:01,ARP,60,192.168.159.153 is at 00:0c:29:eb:a7:b9,TRUE
619,142.699658,VMware_1b:ea:01,Broadcast,ARP,60,Who has 192.168.159.2? Tell 192.168.159.152,FALSE
620,143.305077,192.168.159.151,192.168.159.152,DNS,81,Standard query 0x4a43 A 3.ubuntu.pool.ntp.org,FALSE
621,143.305223,192.168.159.151,192.168.159.152,DNS,81,Standard query 0xd554 AAAA 3.ubuntu.pool.ntp.org,FALSE
622,143.474367,VMware_eb:a7:b9,VMware_34:25:0e,ARP,60,192.168.159.152 is at 00:0c:29:eb:a7:b9,TRUE
623,143.699636,VMware_1b:ea:01,Broadcast,ARP,60,Who has 192.168.159.2? Tell 192.168.159.152,FALSE
624,144.135358,VMware_eb:a7:b9,Broadcast,ARP,60,Who has 192.168.159.2? Tell 192.168.159.150,TRUE
625,144.227112,VMware_eb:a7:b9,VMware_1b:ea:01,ARP,60,192.168.159.153 is at 00:0c:29:eb:a7:b9,TRUE
626,145.10086,VMware_1b:ea:01,Broadcast,ARP,60,Who has 192.168.159.2? Tell 192.168.159.152,FALSE
627,145.152017,VMware_eb:a7:b9,Broadcast,ARP,60,Who has 192.168.159.2? Tell 192.168.159.150,TRUE
628,145.474649,VMware_eb:a7:b9,VMware_34:25:0e,ARP,60,192.168.159.152 is at 00:0c:29:eb:a7:b9,TRUE
629,146.09964,VMware_1b:ea:01,Broadcast,ARP,60,Who has 192.168.159.2? Tell 192.168.159.152,FALSE
630,146.176124,VMware_eb:a7:b9,Broadcast,ARP,60,Who has 192.168.159.2? Tell 192.168.159.150,TRUE
631,146.22732,VMware_eb:a7:b9,VMware_1b:ea:01,ARP,60,192.168.159.153 is at 00:0c:29:eb:a7:b9,TRUE
632,147.099759,VMware_1b:ea:01,Broadcast,ARP,60,Who has 192.168.159.2? Tell 192.168.159.152,FALSE
633,147.35303,192.168.159.153,192.168.159.152,TCP,66,"38124  >  21 [FIN, ACK] Seq=65 Ack=200 Win=29312 Len=0 TSval=1279614165 TSecr=47632",FALSE
634,147.353677,192.168.159.152,192.168.159.153,TCP,66,"21  >  38124 [FIN, ACK] Seq=200 Ack=66 Win=29056 Len=0 TSval=53928 TSecr=1279614165",TRUE
635,147.353774,192.168.159.150,192.168.159.152,ICMP,94,Redirect             (Redirect for host),TRUE
636,147.353777,192.168.159.152,192.168.159.153,TCP,66,"[TCP Retransmission] 21  >  38124 [FIN, ACK] Seq=200 Ack=66 Win=29056 Len=0 TSval=53928 TSecr=1279614165",TRUE
637,147.353855,192.168.159.153,192.168.159.152,TCP,66,38124  >  21 [ACK] Seq=66 Ack=201 Win=29312 Len=0 TSval=1279614166 TSecr=53928,FALSE
638,147.474852,VMware_eb:a7:b9,VMware_34:25:0e,ARP,60,192.168.159.152 is at 00:0c:29:eb:a7:b9,TRUE
639,148.22763,VMware_eb:a7:b9,VMware_1b:ea:01,ARP,60,192.168.159.153 is at 00:0c:29:eb:a7:b9,TRUE
640,148.300336,192.168.159.152,192.168.159.151,DNS,81,Standard query response 0xd554 Server failure AAAA 3.ubuntu.pool.ntp.org,FALSE
641,148.300365,192.168.159.152,192.168.159.151,DNS,81,Standard query response 0x4a43 Server failure A 3.ubuntu.pool.ntp.org,FALSE
642,148.300464,192.168.159.151,192.168.159.152,DNS,91,Standard query 0x388b A 3.ubuntu.pool.ntp.org.mydns.com,FALSE
643,148.300583,192.168.159.151,192.168.159.152,DNS,91,Standard query 0xb0c8 AAAA 3.ubuntu.pool.ntp.org.mydns.com,FALSE
644,148.30082,192.168.159.152,192.168.159.151,DNS,139,Standard query response 0xb0c8 No such name AAAA 3.ubuntu.pool.ntp.org.mydns.com SOA ubuntu.mydns.com,FALSE
645,148.300837,192.168.159.152,192.168.159.151,DNS,139,Standard query response 0x388b No such name A 3.ubuntu.pool.ntp.org.mydns.com SOA ubuntu.mydns.com,FALSE
646,148.301019,192.168.159.151,192.168.159.152,DNS,81,Standard query 0x0f7b A 2.ubuntu.pool.ntp.org,FALSE
647,148.301153,192.168.159.151,192.168.159.152,DNS,81,Standard query 0x2232 AAAA 2.ubuntu.pool.ntp.org,FALSE
648,148.301508,VMware_1b:ea:01,Broadcast,ARP,60,Who has 192.168.159.2? Tell 192.168.159.152,FALSE
649,149.140908,VMware_eb:a7:b9,Broadcast,ARP,60,Who has 192.168.159.2? Tell 192.168.159.150,TRUE
650,149.299603,VMware_1b:ea:01,Broadcast,ARP,60,Who has 192.168.159.2? Tell 192.168.159.152,FALSE
651,149.475121,VMware_eb:a7:b9,VMware_34:25:0e,ARP,60,192.168.159.152 is at 00:0c:29:eb:a7:b9,TRUE
652,150.14404,VMware_eb:a7:b9,Broadcast,ARP,60,Who has 192.168.159.2? Tell 192.168.159.150,TRUE
653,150.227912,VMware_eb:a7:b9,VMware_1b:ea:01,ARP,60,192.168.159.153 is at 00:0c:29:eb:a7:b9,TRUE
654,150.299627,VMware_1b:ea:01,Broadcast,ARP,60,Who has 192.168.159.2? Tell 192.168.159.152,FALSE
655,151.168215,VMware_eb:a7:b9,Broadcast,ARP,60,Who has 192.168.159.2? Tell 192.168.159.150,TRUE
656,151.475342,VMware_eb:a7:b9,VMware_34:25:0e,ARP,60,192.168.159.152 is at 00:0c:29:eb:a7:b9,TRUE
657,151.701849,VMware_1b:ea:01,Broadcast,ARP,60,Who has 192.168.159.2? Tell 192.168.159.152,FALSE
658,152.228132,VMware_eb:a7:b9,VMware_1b:ea:01,ARP,60,192.168.159.153 is at 00:0c:29:eb:a7:b9,TRUE
659,152.699681,VMware_1b:ea:01,Broadcast,ARP,60,Who has 192.168.159.2? Tell 192.168.159.152,FALSE
660,153.306336,192.168.159.151,192.168.159.152,DNS,81,Standard query 0x0f7b A 2.ubuntu.pool.ntp.org,FALSE
661,153.306498,192.168.159.151,192.168.159.152,DNS,81,Standard query 0x2232 AAAA 2.ubuntu.pool.ntp.org,FALSE
662,153.429143,VMware_64:d8:25,VMware_1b:ea:01,ARP,42,Who has 192.168.159.152? Tell 192.168.159.151,FALSE
663,153.429633,VMware_1b:ea:01,VMware_64:d8:25,ARP,60,192.168.159.152 is at 00:0c:29:1b:ea:01,FALSE
664,153.475637,VMware_eb:a7:b9,VMware_34:25:0e,ARP,60,192.168.159.152 is at 00:0c:29:eb:a7:b9,TRUE
665,153.699706,VMware_1b:ea:01,Broadcast,ARP,60,Who has 192.168.159.2? Tell 192.168.159.152,FALSE
666,154.146139,VMware_eb:a7:b9,Broadcast,ARP,60,Who has 192.168.159.2? Tell 192.168.159.150,TRUE
667,154.228352,VMware_eb:a7:b9,VMware_1b:ea:01,ARP,60,192.168.159.153 is at 00:0c:29:eb:a7:b9,TRUE
668,155.102399,VMware_1b:ea:01,Broadcast,ARP,60,Who has 192.168.159.2? Tell 192.168.159.152,FALSE
669,155.171628,VMware_eb:a7:b9,Broadcast,ARP,60,Who has 192.168.159.2? Tell 192.168.159.150,TRUE
670,155.476098,VMware_eb:a7:b9,VMware_34:25:0e,ARP,60,192.168.159.152 is at 00:0c:29:eb:a7:b9,TRUE
671,156.09964,VMware_1b:ea:01,Broadcast,ARP,60,Who has 192.168.159.2? Tell 192.168.159.152,FALSE
672,156.192026,VMware_eb:a7:b9,Broadcast,ARP,60,Who has 192.168.159.2? Tell 192.168.159.150,TRUE
673,156.228978,VMware_eb:a7:b9,VMware_1b:ea:01,ARP,60,192.168.159.153 is at 00:0c:29:eb:a7:b9,TRUE
674,156.90716,192.168.159.152,224.0.0.251,MDNS,87,"Standard query 0x0000 PTR _ipp._tcp.local, ""QM"" question PTR _ipps._tcp.local, ""QM"" question",FALSE
675,156.907975,192.168.142.1,224.0.0.251,MDNS,87,"Standard query 0x0000 PTR _ipp._tcp.local, ""QU"" question PTR _ipps._tcp.local, ""QU"" question",FALSE
676,157.099646,VMware_1b:ea:01,Broadcast,ARP,60,Who has 192.168.159.2? Tell 192.168.159.152,FALSE
677,157.261819,fe80::20c:29ff:fe1b:ea01,ff02::fb,MDNS,107,"Standard query 0x0000 PTR _ipps._tcp.local, ""QM"" question PTR _ipp._tcp.local, ""QM"" question",FALSE
678,157.476248,VMware_eb:a7:b9,VMware_34:25:0e,ARP,60,192.168.159.152 is at 00:0c:29:eb:a7:b9,TRUE
679,157.627833,192.168.159.151,192.168.159.152,DNS,132,Standard query 0xcf87 PTR 1.0.a.e.b.1.e.f.f.f.9.2.c.0.2.0.0.0.0.0.0.0.0.0.0.0.0.0.0.8.e.f.ip6.arpa,FALSE
680,157.627933,192.168.159.151,192.168.159.152,DNS,132,Standard query 0x32af PTR b.f.0.0.0.0.0.0.0.0.0.0.0.0.0.0.0.0.0.0.0.0.0.0.0.0.0.0.2.0.f.f.ip6.arpa,FALSE
681,157.628037,192.168.159.151,192.168.159.152,DNS,84,Standard query 0xe83d PTR 251.0.0.224.in-addr.arpa,FALSE
682,157.628455,192.168.159.152,192.168.159.151,DNS,181,Standard query response 0xcf87 No such name PTR 1.0.a.e.b.1.e.f.f.f.9.2.c.0.2.0.0.0.0.0.0.0.0.0.0.0.0.0.0.8.e.f.ip6.arpa SOA 8.E.F.IP6.ARPA,FALSE
683,158.228935,VMware_eb:a7:b9,VMware_1b:ea:01,ARP,60,192.168.159.153 is at 00:0c:29:eb:a7:b9,TRUE
684,158.301895,192.168.159.152,192.168.159.151,DNS,81,Standard query response 0x2232 Server failure AAAA 2.ubuntu.pool.ntp.org,FALSE
685,158.301931,192.168.159.152,192.168.159.151,DNS,81,Standard query response 0x0f7b Server failure A 2.ubuntu.pool.ntp.org,FALSE
686,158.302053,192.168.159.151,192.168.159.152,DNS,91,Standard query 0x4630 A 2.ubuntu.pool.ntp.org.mydns.com,FALSE
687,158.302238,192.168.159.151,192.168.159.152,DNS,91,Standard query 0xcc36 AAAA 2.ubuntu.pool.ntp.org.mydns.com,FALSE
688,158.302708,192.168.159.152,192.168.159.151,DNS,139,Standard query response 0x4630 No such name A 2.ubuntu.pool.ntp.org.mydns.com SOA ubuntu.mydns.com,FALSE
689,158.302727,192.168.159.152,192.168.159.151,DNS,139,Standard query response 0xcc36 No such name AAAA 2.ubuntu.pool.ntp.org.mydns.com SOA ubuntu.mydns.com,FALSE
690,158.307825,192.168.159.151,192.168.159.152,DNS,81,Standard query 0x2cf7 A 0.ubuntu.pool.ntp.org,FALSE
691,158.308007,192.168.159.151,192.168.159.152,DNS,81,Standard query 0xd8c6 AAAA 0.ubuntu.pool.ntp.org,FALSE
692,158.308616,VMware_1b:ea:01,Broadcast,ARP,60,Who has 192.168.159.2? Tell 192.168.159.152,FALSE
693,158.435317,VMware_eb:a7:b9,VMware_34:25:0e,ARP,60,192.168.159.152 is at 00:0c:29:1b:ea:01,TRUE
694,158.618194,192.168.159.151,192.168.159.152,DNS,86,Standard query 0xb1d4 PTR 1.142.168.192.in-addr.arpa,FALSE
695,158.61891,192.168.159.152,192.168.159.151,DNS,141,Standard query response 0xb1d4 No such name PTR 1.142.168.192.in-addr.arpa SOA 168.192.IN-ADDR.ARPA,FALSE
696,159.1517,VMware_eb:a7:b9,Broadcast,ARP,60,Who has 192.168.159.2? Tell 192.168.159.150,TRUE
697,159.307898,VMware_1b:ea:01,Broadcast,ARP,60,Who has 192.168.159.2? Tell 192.168.159.152,FALSE
698,159.435895,VMware_eb:a7:b9,VMware_34:25:0e,ARP,60,192.168.159.152 is at 00:0c:29:1b:ea:01,TRUE
699,159.92391,VMware_eb:a7:b9,VMware_1b:ea:01,ARP,60,192.168.159.153 is at 00:0c:29:34:25:0e,TRUE
700,160.160026,VMware_eb:a7:b9,Broadcast,ARP,60,Who has 192.168.159.2? Tell 192.168.159.150,TRUE
701,160.307796,VMware_1b:ea:01,Broadcast,ARP,60,Who has 192.168.159.2? Tell 192.168.159.152,FALSE
702,160.435976,VMware_eb:a7:b9,VMware_34:25:0e,ARP,60,192.168.159.152 is at 00:0c:29:1b:ea:01,TRUE
703,160.924314,VMware_eb:a7:b9,VMware_1b:ea:01,ARP,60,192.168.159.153 is at 00:0c:29:34:25:0e,TRUE
704,161.184184,VMware_eb:a7:b9,Broadcast,ARP,60,Who has 192.168.159.2? Tell 192.168.159.150,TRUE
705,161.436254,VMware_eb:a7:b9,VMware_34:25:0e,ARP,60,192.168.159.152 is at 00:0c:29:1b:ea:01,TRUE
706,161.617269,192.168.159.151,192.168.159.152,DNS,84,Standard query 0xe83d PTR 251.0.0.224.in-addr.arpa,FALSE
707,161.908708,VMware_1b:ea:01,Broadcast,ARP,60,Who has 192.168.159.2? Tell 192.168.159.152,FALSE
708,161.924425,VMware_eb:a7:b9,VMware_1b:ea:01,ARP,60,192.168.159.153 is at 00:0c:29:34:25:0e,TRUE
709,162.436419,VMware_eb:a7:b9,VMware_34:25:0e,ARP,60,192.168.159.152 is at 00:0c:29:1b:ea:01,TRUE
710,162.617472,192.168.159.151,192.168.159.152,DNS,132,Standard query 0x32af PTR b.f.0.0.0.0.0.0.0.0.0.0.0.0.0.0.0.0.0.0.0.0.0.0.0.0.0.0.2.0.f.f.ip6.arpa,FALSE
711,162.90768,VMware_1b:ea:01,Broadcast,ARP,60,Who has 192.168.159.2? Tell 192.168.159.152,FALSE
712,162.924664,VMware_eb:a7:b9,VMware_1b:ea:01,ARP,60,192.168.159.153 is at 00:0c:29:34:25:0e,TRUE
713,163.312356,192.168.159.151,192.168.159.152,DNS,81,Standard query 0x2cf7 A 0.ubuntu.pool.ntp.org,FALSE
714,163.312463,192.168.159.151,192.168.159.152,DNS,81,Standard query 0xd8c6 AAAA 0.ubuntu.pool.ntp.org,FALSE
715,163.907913,VMware_1b:ea:01,Broadcast,ARP,60,Who has 192.168.159.2? Tell 192.168.159.152,FALSE
716,163.924872,VMware_eb:a7:b9,VMware_1b:ea:01,ARP,60,192.168.159.153 is at 00:0c:29:34:25:0e,TRUE
717,164.157,VMware_eb:a7:b9,Broadcast,ARP,60,Who has 192.168.159.2? Tell 192.168.159.150,TRUE
718,165.18396,VMware_eb:a7:b9,Broadcast,ARP,60,Who has 192.168.159.2? Tell 192.168.159.150,TRUE
719,165.508938,VMware_1b:ea:01,Broadcast,ARP,60,Who has 192.168.159.2? Tell 192.168.159.152,FALSE
720,166.207947,VMware_eb:a7:b9,Broadcast,ARP,60,Who has 192.168.159.2? Tell 192.168.159.150,TRUE
721,166.507943,VMware_1b:ea:01,Broadcast,ARP,60,Who has 192.168.159.2? Tell 192.168.159.152,FALSE
722,167.507649,VMware_1b:ea:01,Broadcast,ARP,60,Who has 192.168.159.2? Tell 192.168.159.152,FALSE
723,167.62878,192.168.159.152,192.168.159.151,DNS,84,Standard query response 0xe83d Server failure PTR 251.0.0.224.in-addr.arpa,FALSE
724,167.628808,192.168.159.152,192.168.159.151,DNS,132,Standard query response 0x32af Server failure PTR b.f.0.0.0.0.0.0.0.0.0.0.0.0.0.0.0.0.0.0.0.0.0.0.0.0.0.0.2.0.f.f.ip6.arpa,FALSE
725,168.308798,192.168.159.152,192.168.159.151,DNS,81,Standard query response 0x2cf7 Server failure A 0.ubuntu.pool.ntp.org,FALSE
726,168.30883,192.168.159.152,192.168.159.151,DNS,81,Standard query response 0xd8c6 Server failure AAAA 0.ubuntu.pool.ntp.org,FALSE
727,168.308984,192.168.159.151,192.168.159.152,DNS,91,Standard query 0xfec2 A 0.ubuntu.pool.ntp.org.mydns.com,FALSE
728,168.309097,192.168.159.151,192.168.159.152,DNS,91,Standard query 0xdac4 AAAA 0.ubuntu.pool.ntp.org.mydns.com,FALSE
729,168.309374,192.168.159.152,192.168.159.151,DNS,139,Standard query response 0xfec2 No such name A 0.ubuntu.pool.ntp.org.mydns.com SOA ubuntu.mydns.com,FALSE
730,168.309384,192.168.159.152,192.168.159.151,DNS,139,Standard query response 0xdac4 No such name AAAA 0.ubuntu.pool.ntp.org.mydns.com SOA ubuntu.mydns.com,FALSE
731,168.618209,192.168.159.151,192.168.159.152,DNS,84,Standard query 0xe83d PTR 251.0.0.224.in-addr.arpa,FALSE
732,168.618341,192.168.159.151,192.168.159.152,DNS,132,Standard query 0x32af PTR b.f.0.0.0.0.0.0.0.0.0.0.0.0.0.0.0.0.0.0.0.0.0.0.0.0.0.0.2.0.f.f.ip6.arpa,FALSE
733,168.619441,VMware_1b:ea:01,Broadcast,ARP,60,Who has 192.168.159.2? Tell 192.168.159.152,FALSE
734,169.162578,VMware_eb:a7:b9,Broadcast,ARP,60,Who has 192.168.159.2? Tell 192.168.159.150,TRUE
735,169.615862,VMware_1b:ea:01,Broadcast,ARP,60,Who has 192.168.159.2? Tell 192.168.159.152,FALSE
736,170.176117,VMware_eb:a7:b9,Broadcast,ARP,60,Who has 192.168.159.2? Tell 192.168.159.150,TRUE
737,170.615753,VMware_1b:ea:01,Broadcast,ARP,60,Who has 192.168.159.2? Tell 192.168.159.152,FALSE
738,171.200017,VMware_eb:a7:b9,Broadcast,ARP,60,Who has 192.168.159.2? Tell 192.168.159.150,TRUE
739,172.219799,VMware_1b:ea:01,Broadcast,ARP,60,Who has 192.168.159.2? Tell 192.168.159.152,FALSE
740,173.220009,VMware_1b:ea:01,Broadcast,ARP,60,Who has 192.168.159.2? Tell 192.168.159.152,FALSE
741,174.167854,VMware_eb:a7:b9,Broadcast,ARP,60,Who has 192.168.159.2? Tell 192.168.159.150,TRUE
742,174.219664,VMware_1b:ea:01,Broadcast,ARP,60,Who has 192.168.159.2? Tell 192.168.159.152,FALSE
